MaintenanceID,RecordID,MaintenanceType,IssueDescription,ActionTaken,StartTime,EndTime,TechnicianID,Cost,Status,Timestamp,ProcessedFlag
1,4006,Planned,Electrical short,Calibrated sensor,57:07.0,57:07.0,T329,113.02,Completed,57:07.0,1
2,4007,Unplanned,Electrical short,Fixed leak,57:07.0,57:07.0,T397,307.75,Completed,57:07.0,1
3,4008,Unplanned,Software error,Rewired circuit,57:07.0,57:07.0,T553,250.63,Completed,57:07.0,1
4,4009,Unplanned,Electrical short,Replaced bearing,57:07.0,57:07.0,T327,273.59,Completed,57:07.0,1
5,4010,Planned,Sensor fault,Calibrated sensor,57:07.0,57:07.0,T202,258.02,Completed,57:07.0,1
6,4011,Planned,Sensor fault,Rewired circuit,57:07.0,57:07.0,T312,124.01,Completed,57:07.0,1
7,4012,Planned,Sensor fault,Replaced bearing,57:07.0,57:07.0,T462,472.47,Completed,57:07.0,1
8,4013,Planned,Sensor fault,Calibrated sensor,57:07.0,57:07.0,T575,489.16,Completed,57:07.0,1
9,4014,Planned,Electrical short,Calibrated sensor,57:07.0,57:07.0,T929,422.38,Completed,57:07.0,1
10,4015,Planned,Hydraulic leak,Replaced bearing,57:07.0,57:07.0,T283,367.99,Completed,57:07.0,1
11,4016,Planned,Software error,Replaced bearing,57:07.0,57:07.0,T559,329.24,Completed,57:07.0,1
12,4017,Unplanned,Hydraulic leak,Calibrated sensor,57:07.0,57:07.0,T854,482.43,Completed,57:07.0,1
13,4018,Unplanned,Hydraulic leak,Rewired circuit,57:07.0,57:07.0,T214,228.86,Completed,57:07.0,1
14,4019,Planned,Sensor fault,Calibrated sensor,57:07.0,57:07.0,T243,364.73,Completed,57:07.0,1
15,4020,Unplanned,Sensor fault,Rewired circuit,57:07.0,57:07.0,T175,188.43,Completed,57:07.0,1
16,4021,Unplanned,Software error,Replaced bearing,57:07.0,57:07.0,T637,355.98,Completed,57:07.0,1
17,4022,Planned,Bearing wear,Updated software,57:07.0,57:07.0,T536,346.11,Completed,57:07.0,1
18,4023,Unplanned,Hydraulic leak,Fixed leak,57:07.0,57:07.0,T361,101.19,Completed,57:07.0,1
19,4024,Unplanned,Hydraulic leak,Updated software,57:07.0,57:07.0,T105,131.56,Completed,57:07.0,1
20,4025,Planned,Hydraulic leak,Rewired circuit,57:07.0,57:07.0,T122,132.12,Completed,57:07.0,1
21,4026,Planned,Sensor fault,Calibrated sensor,57:07.0,57:07.0,T254,254.38,Completed,57:07.0,1
22,4027,Unplanned,Electrical short,Replaced bearing,57:07.0,57:07.0,T762,437.64,Completed,57:07.0,1
23,4028,Unplanned,Hydraulic leak,Fixed leak,57:07.0,57:07.0,T387,144.88,Completed,57:07.0,1
24,4029,Planned,Sensor fault,Calibrated sensor,57:07.0,57:07.0,T405,340.64,Completed,57:07.0,1
25,4030,Unplanned,Bearing wear,Fixed leak,57:07.0,57:07.0,T763,165.85,Completed,57:07.0,1
26,4031,Planned,Software error,Replaced bearing,57:07.0,57:07.0,T936,488.88,Completed,57:07.0,1
27,4032,Unplanned,Software error,Replaced bearing,57:07.0,57:07.0,T490,139.68,Completed,57:07.0,1
28,4033,Unplanned,Electrical short,Updated software,57:07.0,57:07.0,T906,235.23,Completed,57:07.0,1
29,4034,Unplanned,Bearing wear,Calibrated sensor,57:07.0,57:07.0,T697,364.36,Completed,57:07.0,1
30,4035,Planned,Sensor fault,Fixed leak,57:07.0,57:07.0,T465,408.05,Completed,57:07.0,1
31,4036,Unplanned,Bearing wear,Updated software,57:07.0,57:07.0,T605,272.47,Completed,57:07.0,1
32,4037,Unplanned,Electrical short,Rewired circuit,57:07.0,57:07.0,T587,233.66,Completed,57:07.0,1
33,4038,Unplanned,Software error,Calibrated sensor,57:07.0,57:07.0,T802,424.69,Completed,57:07.0,1
34,4039,Unplanned,Hydraulic leak,Calibrated sensor,57:07.0,57:07.0,T876,310.46,Completed,57:07.0,1
35,4040,Planned,Software error,Updated software,57:07.0,57:07.0,T573,400.79,Completed,57:07.0,1
36,4041,Planned,Bearing wear,Fixed leak,57:07.0,57:07.0,T120,123.16,Completed,57:07.0,1
37,4042,Planned,Sensor fault,Rewired circuit,57:07.0,57:07.0,T134,144.43,Completed,57:07.0,1
38,4043,Planned,Hydraulic leak,Replaced bearing,57:07.1,57:07.1,T493,295.88,Completed,57:07.1,1
39,4044,Planned,Electrical short,Rewired circuit,57:07.1,57:07.1,T172,130.46,Completed,57:07.1,1
40,4045,Unplanned,Software error,Rewired circuit,57:07.1,57:07.1,T605,225.17,Completed,57:07.1,1
41,4046,Unplanned,Hydraulic leak,Rewired circuit,57:07.1,57:07.1,T594,458.64,Completed,57:07.1,1
42,4047,Unplanned,Bearing wear,Fixed leak,57:07.1,57:07.1,T858,485.45,Completed,57:07.1,1
43,4048,Planned,Bearing wear,Updated software,57:07.1,57:07.1,T908,219.97,Completed,57:07.1,1
44,4049,Unplanned,Sensor fault,Replaced bearing,57:07.1,57:07.1,T211,442.43,Completed,57:07.1,1
45,4050,Planned,Software error,Calibrated sensor,57:07.1,57:07.1,T350,218.14,Completed,57:07.1,1
46,4051,Planned,Bearing wear,Replaced bearing,57:07.1,57:07.1,T776,441.72,Completed,57:07.1,1
47,4052,Planned,Hydraulic leak,Calibrated sensor,57:07.1,57:07.1,T923,178.93,Completed,57:07.1,1
48,4053,Unplanned,Software error,Rewired circuit,57:07.1,57:07.1,T889,121.49,Completed,57:07.1,1
49,4054,Planned,Software error,Replaced bearing,57:07.1,57:07.1,T877,167.83,Completed,57:07.1,1
50,4055,Planned,Bearing wear,Updated software,57:07.1,57:07.1,T106,190.6,Completed,57:07.1,1
51,4056,Unplanned,Electrical short,Updated software,57:07.1,57:07.1,T592,173.92,Completed,57:07.1,1
52,4057,Planned,Electrical short,Rewired circuit,57:07.1,57:07.1,T238,313.22,Completed,57:07.1,1
53,4058,Planned,Electrical short,Updated software,57:07.1,57:07.1,T187,250.43,Completed,57:07.1,1
54,4059,Unplanned,Bearing wear,Calibrated sensor,57:07.1,57:07.1,T442,230.21,Completed,57:07.1,1
55,4060,Planned,Software error,Calibrated sensor,57:07.1,57:07.1,T810,348.71,Completed,57:07.1,1
56,4061,Unplanned,Software error,Updated software,57:07.1,57:07.1,T857,336.12,Completed,57:07.1,1
57,4062,Planned,Sensor fault,Rewired circuit,57:07.1,57:07.1,T396,469.7,Completed,57:07.1,1
58,4063,Planned,Electrical short,Calibrated sensor,57:07.1,57:07.1,T982,413.74,Completed,57:07.1,1
59,4064,Planned,Bearing wear,Fixed leak,57:07.1,57:07.1,T192,453.44,Completed,57:07.1,1
60,4065,Unplanned,Bearing wear,Replaced bearing,57:07.1,57:07.1,T241,261.71,Completed,57:07.1,1
61,4066,Planned,Hydraulic leak,Calibrated sensor,57:07.1,57:07.1,T376,419.2,Completed,57:07.1,1
62,4067,Unplanned,Bearing wear,Updated software,57:07.1,57:07.1,T465,292.73,Completed,57:07.1,1
63,4068,Unplanned,Bearing wear,Rewired circuit,57:07.1,57:07.1,T982,128.15,Completed,57:07.1,1
64,4069,Unplanned,Bearing wear,Rewired circuit,57:07.1,57:07.1,T626,124.76,Completed,57:07.1,1
65,4070,Planned,Software error,Updated software,57:07.1,57:07.1,T321,192.99,Completed,57:07.1,1
66,4071,Unplanned,Electrical short,Fixed leak,57:07.1,57:07.1,T153,411.6,Completed,57:07.1,1
67,4072,Planned,Hydraulic leak,Replaced bearing,57:07.1,57:07.1,T111,407.61,Completed,57:07.1,1
68,4073,Planned,Hydraulic leak,Calibrated sensor,57:07.1,57:07.1,T699,473.07,Completed,57:07.1,1
69,4074,Planned,Bearing wear,Updated software,57:07.1,57:07.1,T150,303.81,Completed,57:07.1,1
70,4075,Unplanned,Software error,Replaced bearing,57:07.1,57:07.1,T842,320.01,Completed,57:07.1,1
71,4076,Unplanned,Hydraulic leak,Rewired circuit,57:07.1,57:07.1,T637,269.66,Completed,57:07.1,1
72,4077,Planned,Software error,Rewired circuit,57:07.1,57:07.1,T257,106.06,Completed,57:07.1,1
73,4078,Unplanned,Bearing wear,Rewired circuit,57:07.1,57:07.1,T997,191.03,Completed,57:07.1,1
74,4079,Unplanned,Bearing wear,Replaced bearing,57:07.1,57:07.1,T275,344.3,Completed,57:07.1,1
75,4080,Planned,Software error,Rewired circuit,57:07.1,57:07.1,T736,449.8,Completed,57:07.1,1
76,4081,Unplanned,Electrical short,Updated software,57:07.1,57:07.1,T378,303.84,Completed,57:07.1,1
77,4082,Planned,Hydraulic leak,Calibrated sensor,57:07.1,57:07.1,T661,323.32,Completed,57:07.1,1
78,4083,Unplanned,Software error,Calibrated sensor,57:07.1,57:07.1,T219,110.36,Completed,57:07.1,1
79,4084,Unplanned,Hydraulic leak,Updated software,57:07.1,57:07.1,T147,429.11,Completed,57:07.1,1
80,4085,Unplanned,Electrical short,Calibrated sensor,57:07.1,57:07.1,T563,211.44,Completed,57:07.1,1
81,4086,Planned,Bearing wear,Fixed leak,57:07.1,57:07.1,T738,447.63,Completed,57:07.1,1
82,4087,Planned,Electrical short,Rewired circuit,57:07.1,57:07.1,T284,209.43,Completed,57:07.1,1
83,4088,Unplanned,Sensor fault,Updated software,57:07.1,57:07.1,T459,108.91,Completed,57:07.1,1
84,4089,Planned,Electrical short,Updated software,57:07.1,57:07.1,T920,317.73,Completed,57:07.1,1
85,4090,Planned,Bearing wear,Replaced bearing,57:07.1,57:07.1,T301,140.89,Completed,57:07.1,1
86,4091,Unplanned,Sensor fault,Replaced bearing,57:07.2,57:07.2,T424,285.39,Completed,57:07.2,1
87,4092,Planned,Bearing wear,Calibrated sensor,57:07.2,57:07.2,T515,135.2,Completed,57:07.2,1
88,4093,Planned,Software error,Fixed leak,57:07.2,57:07.2,T293,112.72,Completed,57:07.2,1
89,4094,Unplanned,Sensor fault,Calibrated sensor,57:07.2,57:07.2,T546,411.6,Completed,57:07.2,1
90,4095,Planned,Electrical short,Calibrated sensor,57:07.2,57:07.2,T790,119.1,Completed,57:07.2,1
91,4096,Unplanned,Sensor fault,Fixed leak,57:07.2,57:07.2,T552,255.5,Completed,57:07.2,1
92,4097,Planned,Sensor fault,Updated software,57:07.2,57:07.2,T476,494.1,Completed,57:07.2,1
93,4098,Unplanned,Software error,Replaced bearing,57:07.2,57:07.2,T875,100.83,Completed,57:07.2,1
94,4099,Planned,Bearing wear,Updated software,57:07.2,57:07.2,T498,442.01,Completed,57:07.2,1
95,4100,Planned,Sensor fault,Fixed leak,57:07.2,57:07.2,T335,346.9,Completed,57:07.2,1
96,4101,Unplanned,Hydraulic leak,Calibrated sensor,57:07.2,57:07.2,T597,202.78,Completed,57:07.2,1
97,4102,Unplanned,Hydraulic leak,Calibrated sensor,57:07.2,57:07.2,T690,467.54,Completed,57:07.2,1
98,4103,Planned,Sensor fault,Replaced bearing,57:07.2,57:07.2,T400,366.62,Completed,57:07.2,1
99,4104,Planned,Software error,Rewired circuit,57:07.2,57:07.2,T633,101.93,Completed,57:07.2,1
100,4105,Planned,Electrical short,Calibrated sensor,57:07.2,57:07.2,T344,177.85,Completed,57:07.2,1
101,4106,Planned,Electrical short,Updated software,57:07.3,57:07.3,T127,268.69,Completed,57:07.3,1
102,4107,Unplanned,Electrical short,Fixed leak,57:07.3,57:07.3,T383,431.5,Completed,57:07.3,1
103,4108,Planned,Software error,Fixed leak,57:07.3,57:07.3,T260,221.54,Completed,57:07.3,1
104,4109,Planned,Bearing wear,Fixed leak,57:07.3,57:07.3,T151,308.13,Completed,57:07.3,1
105,4110,Unplanned,Sensor fault,Calibrated sensor,57:07.3,57:07.3,T100,472.04,Completed,57:07.3,1
106,4111,Planned,Hydraulic leak,Rewired circuit,57:07.3,57:07.3,T947,439.21,Completed,57:07.3,1
107,4112,Unplanned,Electrical short,Fixed leak,57:07.3,57:07.3,T223,419.25,Completed,57:07.3,1
108,4113,Unplanned,Sensor fault,Updated software,57:07.3,57:07.3,T157,354.11,Completed,57:07.3,1
109,4114,Planned,Software error,Replaced bearing,57:07.3,57:07.3,T220,274.66,Completed,57:07.3,1
110,4115,Unplanned,Hydraulic leak,Updated software,57:07.3,57:07.3,T291,298.23,Completed,57:07.3,1
111,4116,Planned,Bearing wear,Fixed leak,57:07.3,57:07.3,T256,390.69,Completed,57:07.3,1
112,4117,Planned,Software error,Rewired circuit,57:07.3,57:07.3,T826,375.14,Completed,57:07.3,1
113,4118,Unplanned,Hydraulic leak,Updated software,57:07.3,57:07.3,T326,176.78,Completed,57:07.3,1
114,4119,Planned,Bearing wear,Fixed leak,57:07.3,57:07.3,T853,167.38,Completed,57:07.3,1
115,4120,Planned,Electrical short,Rewired circuit,57:07.3,57:07.3,T505,498.95,Completed,57:07.3,1
116,4121,Planned,Software error,Updated software,57:07.3,57:07.3,T901,437.4,Completed,57:07.3,1
117,4122,Unplanned,Bearing wear,Calibrated sensor,57:07.3,57:07.3,T272,141.17,Completed,57:07.3,1
118,4123,Unplanned,Sensor fault,Fixed leak,57:07.3,57:07.3,T935,375.33,Completed,57:07.3,1
119,4124,Unplanned,Software error,Fixed leak,57:07.3,57:07.3,T409,454.14,Completed,57:07.3,1
120,4125,Unplanned,Electrical short,Rewired circuit,57:07.3,57:07.3,T827,346.52,Completed,57:07.3,1
121,4126,Unplanned,Software error,Replaced bearing,57:07.3,57:07.3,T768,358.74,Completed,57:07.3,1
122,4127,Unplanned,Bearing wear,Fixed leak,57:07.3,57:07.3,T340,343.91,Completed,57:07.3,1
123,4128,Planned,Bearing wear,Updated software,57:07.3,57:07.3,T627,366.45,Completed,57:07.3,1
124,4129,Planned,Electrical short,Replaced bearing,57:07.3,57:07.3,T391,277.67,Completed,57:07.3,1
125,4130,Unplanned,Hydraulic leak,Fixed leak,57:07.3,57:07.3,T604,386.98,Completed,57:07.3,1
126,4131,Planned,Software error,Rewired circuit,57:07.3,57:07.3,T692,116.09,Completed,57:07.3,1
127,4132,Unplanned,Software error,Updated software,57:07.3,57:07.3,T163,446.02,Completed,57:07.3,1
128,4133,Unplanned,Electrical short,Replaced bearing,57:07.3,57:07.3,T797,318.8,Completed,57:07.3,1
129,4134,Planned,Electrical short,Calibrated sensor,57:07.3,57:07.3,T873,204.1,Completed,57:07.3,1
130,4135,Planned,Bearing wear,Calibrated sensor,57:07.3,57:07.3,T979,225.53,Completed,57:07.3,1
131,4136,Planned,Electrical short,Fixed leak,57:07.3,57:07.3,T375,244.56,Completed,57:07.3,1
132,4137,Planned,Electrical short,Fixed leak,57:07.3,57:07.3,T144,127.55,Completed,57:07.3,1
133,4138,Unplanned,Bearing wear,Replaced bearing,57:07.3,57:07.3,T554,243.51,Completed,57:07.3,1
134,4139,Planned,Electrical short,Rewired circuit,57:07.3,57:07.3,T828,143.04,Completed,57:07.3,1
135,4140,Planned,Hydraulic leak,Calibrated sensor,57:07.3,57:07.3,T323,481.87,Completed,57:07.3,1
136,4141,Unplanned,Sensor fault,Fixed leak,57:07.3,57:07.3,T163,180.77,Completed,57:07.3,1
137,4142,Unplanned,Bearing wear,Calibrated sensor,57:07.3,57:07.3,T164,240.14,Completed,57:07.3,1
138,4143,Planned,Hydraulic leak,Replaced bearing,57:07.3,57:07.3,T873,185.26,Completed,57:07.3,1
139,4144,Planned,Bearing wear,Calibrated sensor,57:07.3,57:07.3,T729,150.78,Completed,57:07.3,1
140,4145,Unplanned,Electrical short,Fixed leak,57:07.3,57:07.3,T200,268.57,Completed,57:07.3,1
141,4146,Planned,Sensor fault,Updated software,57:07.3,57:07.3,T171,481.02,Completed,57:07.3,1
142,4147,Planned,Software error,Rewired circuit,57:07.3,57:07.3,T258,194.37,Completed,57:07.3,1
143,4148,Unplanned,Bearing wear,Replaced bearing,57:07.3,57:07.3,T215,461.1,Completed,57:07.3,1
144,4149,Unplanned,Software error,Fixed leak,57:07.3,57:07.3,T421,355.13,Completed,57:07.3,1
145,4150,Planned,Sensor fault,Rewired circuit,57:07.3,57:07.3,T820,188.96,Completed,57:07.3,1
146,4151,Planned,Hydraulic leak,Rewired circuit,57:07.3,57:07.3,T644,376.36,Completed,57:07.3,1
147,4152,Unplanned,Hydraulic leak,Fixed leak,57:07.3,57:07.3,T122,205.65,Completed,57:07.3,1
148,4153,Planned,Electrical short,Rewired circuit,57:07.3,57:07.3,T883,222.33,Completed,57:07.3,1
149,4154,Unplanned,Hydraulic leak,Updated software,57:07.3,57:07.3,T442,482.69,Completed,57:07.3,1
150,4155,Planned,Electrical short,Rewired circuit,57:07.3,57:07.3,T609,292.82,Completed,57:07.3,1
151,4156,Unplanned,Electrical short,Fixed leak,57:07.3,57:07.3,T502,120.32,Completed,57:07.3,1
152,4157,Planned,Software error,Updated software,57:07.3,57:07.3,T468,431.88,Completed,57:07.3,1
153,4158,Planned,Software error,Calibrated sensor,57:07.3,57:07.3,T883,103.15,Completed,57:07.3,1
154,4159,Unplanned,Bearing wear,Fixed leak,57:07.3,57:07.3,T517,326.04,Completed,57:07.3,1
155,4160,Unplanned,Hydraulic leak,Updated software,57:07.3,57:07.3,T469,178.55,Completed,57:07.3,1
156,4161,Planned,Hydraulic leak,Calibrated sensor,57:07.3,57:07.3,T710,249.22,Completed,57:07.3,1
157,4162,Unplanned,Bearing wear,Rewired circuit,57:07.3,57:07.3,T855,399.22,Completed,57:07.3,1
158,4163,Unplanned,Bearing wear,Rewired circuit,57:07.3,57:07.3,T714,457.67,Completed,57:07.3,1
159,4164,Unplanned,Sensor fault,Calibrated sensor,57:07.3,57:07.3,T155,293.49,Completed,57:07.3,1
160,4165,Planned,Hydraulic leak,Fixed leak,57:07.3,57:07.3,T380,312.31,Completed,57:07.3,1
161,4166,Planned,Bearing wear,Fixed leak,57:07.3,57:07.3,T939,169.7,Completed,57:07.3,1
162,4167,Planned,Sensor fault,Fixed leak,57:07.3,57:07.3,T727,196.89,Completed,57:07.3,1
163,4168,Unplanned,Sensor fault,Calibrated sensor,57:07.3,57:07.3,T190,317.97,Completed,57:07.3,1
164,4169,Unplanned,Electrical short,Rewired circuit,57:07.3,57:07.3,T264,248.79,Completed,57:07.3,1
165,4170,Planned,Hydraulic leak,Calibrated sensor,57:07.3,57:07.3,T483,311.16,Completed,57:07.3,1
166,4171,Unplanned,Sensor fault,Updated software,57:07.3,57:07.3,T483,377.31,Completed,57:07.3,1
167,4172,Unplanned,Hydraulic leak,Fixed leak,57:07.3,57:07.3,T257,450.33,Completed,57:07.3,1
168,4173,Planned,Electrical short,Fixed leak,57:07.3,57:07.3,T625,361.04,Completed,57:07.3,1
169,4174,Unplanned,Hydraulic leak,Updated software,57:07.3,57:07.3,T427,322.04,Completed,57:07.3,1
170,4175,Unplanned,Sensor fault,Rewired circuit,57:07.3,57:07.3,T117,148.32,Completed,57:07.3,1
171,4176,Planned,Electrical short,Calibrated sensor,57:07.3,57:07.3,T854,443.81,Completed,57:07.3,1
172,4177,Unplanned,Hydraulic leak,Rewired circuit,57:07.3,57:07.3,T422,487.01,Completed,57:07.3,1
173,4178,Planned,Hydraulic leak,Updated software,57:07.3,57:07.3,T180,303.15,Completed,57:07.3,1
174,4179,Unplanned,Hydraulic leak,Calibrated sensor,57:07.3,57:07.3,T700,232.34,Completed,57:07.3,1
175,4180,Unplanned,Sensor fault,Rewired circuit,57:07.3,57:07.3,T115,415.4,Completed,57:07.3,1
176,4181,Unplanned,Bearing wear,Rewired circuit,57:07.3,57:07.3,T400,425.07,Completed,57:07.3,1
177,4182,Planned,Electrical short,Updated software,57:07.3,57:07.3,T219,238.91,Completed,57:07.3,1
178,4183,Planned,Electrical short,Rewired circuit,57:07.3,57:07.3,T542,359.2,Completed,57:07.3,1
179,4184,Planned,Electrical short,Calibrated sensor,57:07.3,57:07.3,T264,271.43,Completed,57:07.3,1
180,4185,Unplanned,Software error,Fixed leak,57:07.3,57:07.3,T561,315.12,Completed,57:07.3,1
181,4186,Unplanned,Sensor fault,Rewired circuit,57:07.3,57:07.3,T124,358.66,Completed,57:07.3,1
182,4187,Planned,Sensor fault,Updated software,57:07.3,57:07.3,T144,121.61,Completed,57:07.3,1
183,4188,Unplanned,Hydraulic leak,Fixed leak,57:07.3,57:07.3,T894,124.57,Completed,57:07.3,1
184,4189,Unplanned,Software error,Fixed leak,57:07.3,57:07.3,T611,434.89,Completed,57:07.3,1
185,4190,Unplanned,Electrical short,Rewired circuit,57:07.3,57:07.3,T398,306.1,Completed,57:07.3,1
186,4191,Unplanned,Sensor fault,Fixed leak,57:07.3,57:07.3,T509,340.21,Completed,57:07.3,1
187,4192,Planned,Software error,Updated software,57:07.3,57:07.3,T261,301.75,Completed,57:07.3,1
188,4193,Unplanned,Hydraulic leak,Replaced bearing,57:07.4,57:07.4,T666,168.96,Completed,57:07.4,1
189,4194,Unplanned,Electrical short,Updated software,57:07.4,57:07.4,T945,498.87,Completed,57:07.4,1
190,4195,Planned,Hydraulic leak,Updated software,57:07.4,57:07.4,T708,342.82,Completed,57:07.4,1
191,4196,Planned,Bearing wear,Rewired circuit,57:07.4,57:07.4,T490,301.93,Completed,57:07.4,1
192,4197,Unplanned,Bearing wear,Calibrated sensor,57:07.5,57:07.5,T159,414.37,Completed,57:07.5,1
193,4198,Unplanned,Electrical short,Calibrated sensor,57:07.5,57:07.5,T702,342.55,Completed,57:07.5,1
194,4199,Unplanned,Sensor fault,Rewired circuit,57:07.5,57:07.5,T333,274.8,Completed,57:07.5,1
195,4200,Planned,Software error,Replaced bearing,57:07.5,57:07.5,T482,255.39,Completed,57:07.5,1
196,4201,Planned,Sensor fault,Replaced bearing,57:07.5,57:07.5,T315,206.7,Completed,57:07.5,1
197,4202,Planned,Sensor fault,Rewired circuit,57:07.5,57:07.5,T287,216.7,Completed,57:07.5,1
198,4203,Unplanned,Hydraulic leak,Calibrated sensor,57:07.5,57:07.5,T529,231.26,Completed,57:07.5,1
199,4204,Planned,Sensor fault,Updated software,57:07.5,57:07.5,T695,102.49,Completed,57:07.5,1
200,4205,Planned,Software error,Fixed leak,57:07.5,57:07.5,T643,400.76,Completed,57:07.5,1
201,4206,Planned,Electrical short,Rewired circuit,57:07.5,57:07.5,T490,366.87,Completed,57:07.5,1
202,4207,Unplanned,Bearing wear,Rewired circuit,57:07.5,57:07.5,T142,367.18,Completed,57:07.5,1
203,4208,Unplanned,Electrical short,Calibrated sensor,57:07.5,57:07.5,T645,412.76,Completed,57:07.5,1
204,4209,Planned,Hydraulic leak,Fixed leak,57:07.5,57:07.5,T896,209.78,Completed,57:07.5,1
205,4210,Unplanned,Software error,Calibrated sensor,57:07.5,57:07.5,T123,172.63,Completed,57:07.5,1
206,4211,Unplanned,Sensor fault,Calibrated sensor,57:07.5,57:07.5,T181,327.51,Completed,57:07.5,1
207,4212,Unplanned,Bearing wear,Rewired circuit,57:07.5,57:07.5,T925,422.19,Completed,57:07.5,1
208,4213,Unplanned,Sensor fault,Rewired circuit,57:07.5,57:07.5,T371,434.97,Completed,57:07.5,1
209,4214,Planned,Electrical short,Replaced bearing,57:07.5,57:07.5,T493,228.05,Completed,57:07.5,1
210,4215,Unplanned,Sensor fault,Fixed leak,57:07.5,57:07.5,T730,321.43,Completed,57:07.5,1
211,4216,Planned,Electrical short,Replaced bearing,57:07.5,57:07.5,T708,283.97,Completed,57:07.5,1
212,4217,Planned,Hydraulic leak,Rewired circuit,57:07.5,57:07.5,T910,149.27,Completed,57:07.5,1
213,4218,Planned,Electrical short,Updated software,57:07.5,57:07.5,T228,160.69,Completed,57:07.5,1
214,4219,Planned,Software error,Updated software,57:07.5,57:07.5,T260,170.78,Completed,57:07.5,1
215,4220,Planned,Sensor fault,Replaced bearing,57:07.5,57:07.5,T410,472.87,Completed,57:07.5,1
216,4221,Planned,Sensor fault,Rewired circuit,57:07.5,57:07.5,T379,371.38,Completed,57:07.5,1
217,4222,Unplanned,Hydraulic leak,Fixed leak,57:07.5,57:07.5,T990,205.2,Completed,57:07.5,1
218,4223,Planned,Bearing wear,Fixed leak,57:07.5,57:07.5,T826,230.12,Completed,57:07.5,1
219,4224,Unplanned,Sensor fault,Fixed leak,57:07.5,57:07.5,T185,157.58,Completed,57:07.5,1
220,4225,Planned,Electrical short,Rewired circuit,57:07.5,57:07.5,T161,291.58,Completed,57:07.5,1
221,4226,Planned,Software error,Replaced bearing,57:07.5,57:07.5,T225,107.69,Completed,57:07.5,1
222,4227,Unplanned,Bearing wear,Updated software,57:07.5,57:07.5,T589,235.66,Completed,57:07.5,1
223,4228,Unplanned,Electrical short,Fixed leak,57:07.5,57:07.5,T220,187.32,Completed,57:07.5,1
224,4229,Unplanned,Sensor fault,Rewired circuit,57:07.5,57:07.5,T622,424.41,Completed,57:07.5,1
225,4230,Planned,Electrical short,Updated software,57:07.5,57:07.5,T913,352.65,Completed,57:07.5,1
226,4231,Unplanned,Hydraulic leak,Rewired circuit,57:07.5,57:07.5,T686,235.2,Completed,57:07.5,1
227,4232,Unplanned,Hydraulic leak,Calibrated sensor,57:07.5,57:07.5,T335,486.96,Completed,57:07.5,1
228,4233,Unplanned,Bearing wear,Rewired circuit,57:07.5,57:07.5,T460,299.9,Completed,57:07.5,1
229,4234,Planned,Electrical short,Rewired circuit,57:07.5,57:07.5,T277,373.26,Completed,57:07.5,1
230,4235,Unplanned,Bearing wear,Replaced bearing,57:07.5,57:07.5,T142,250.47,Completed,57:07.5,1
231,4236,Unplanned,Electrical short,Updated software,57:07.5,57:07.5,T411,186.83,Completed,57:07.5,1
232,4237,Unplanned,Hydraulic leak,Updated software,57:07.5,57:07.5,T234,353.86,Completed,57:07.5,1
233,4238,Planned,Electrical short,Updated software,57:07.5,57:07.5,T674,160.55,Completed,57:07.5,1
234,4239,Planned,Bearing wear,Calibrated sensor,57:07.5,57:07.5,T763,102.63,Completed,57:07.5,1
235,4240,Unplanned,Software error,Fixed leak,57:07.5,57:07.5,T851,145.65,Completed,57:07.5,1
236,4241,Planned,Hydraulic leak,Rewired circuit,57:07.5,57:07.5,T746,253.54,Completed,57:07.5,1
237,4242,Unplanned,Software error,Fixed leak,57:07.5,57:07.5,T879,193.48,Completed,57:07.5,1
238,4243,Unplanned,Software error,Calibrated sensor,57:07.5,57:07.5,T518,219,Completed,57:07.5,1
239,4244,Unplanned,Bearing wear,Rewired circuit,57:07.6,57:07.6,T743,464.73,Completed,57:07.6,1
240,4245,Unplanned,Bearing wear,Replaced bearing,57:07.6,57:07.6,T317,493.78,Completed,57:07.6,1
241,4246,Unplanned,Sensor fault,Updated software,57:07.6,57:07.6,T201,325.89,Completed,57:07.6,1
242,4247,Planned,Electrical short,Calibrated sensor,57:07.6,57:07.6,T695,465.13,Completed,57:07.6,1
243,4248,Planned,Software error,Fixed leak,57:07.6,57:07.6,T850,438.1,Completed,57:07.6,1
244,4249,Planned,Hydraulic leak,Updated software,57:07.6,57:07.6,T675,335.72,Completed,57:07.6,1
245,4250,Planned,Electrical short,Updated software,57:07.6,57:07.6,T739,217.62,Completed,57:07.6,1
246,4251,Planned,Software error,Calibrated sensor,57:07.6,57:07.6,T126,274.82,Completed,57:07.6,1
247,4252,Unplanned,Hydraulic leak,Replaced bearing,57:07.6,57:07.6,T400,405.37,Completed,57:07.6,1
248,4253,Unplanned,Sensor fault,Calibrated sensor,57:07.6,57:07.6,T541,323.55,Completed,57:07.6,1
249,4254,Planned,Sensor fault,Updated software,57:07.6,57:07.6,T235,328.39,Completed,57:07.6,1
250,4255,Unplanned,Sensor fault,Updated software,57:07.6,57:07.6,T850,393.39,Completed,57:07.6,1
251,4256,Planned,Hydraulic leak,Updated software,57:07.6,57:07.6,T290,234.67,Completed,57:07.6,1
252,4257,Planned,Hydraulic leak,Updated software,57:07.6,57:07.6,T396,144.2,Completed,57:07.6,1
253,4258,Unplanned,Hydraulic leak,Rewired circuit,57:07.6,57:07.6,T557,359.32,Completed,57:07.6,1
254,4259,Unplanned,Hydraulic leak,Replaced bearing,57:07.6,57:07.6,T678,336.8,Completed,57:07.6,1
255,4260,Planned,Hydraulic leak,Updated software,57:07.6,57:07.6,T475,319.64,Completed,57:07.6,1
256,4261,Planned,Electrical short,Calibrated sensor,57:07.6,57:07.6,T429,210.08,Completed,57:07.6,1
257,4262,Planned,Hydraulic leak,Calibrated sensor,57:07.6,57:07.6,T463,381.92,Completed,57:07.6,1
258,4263,Unplanned,Bearing wear,Rewired circuit,57:07.6,57:07.6,T847,270.03,Completed,57:07.6,1
259,4264,Planned,Bearing wear,Replaced bearing,57:07.6,57:07.6,T223,192.06,Completed,57:07.6,1
260,4265,Planned,Sensor fault,Fixed leak,57:07.6,57:07.6,T870,150.24,Completed,57:07.6,1
261,4266,Planned,Sensor fault,Calibrated sensor,57:07.6,57:07.6,T915,241.13,Completed,57:07.6,1
262,4267,Planned,Sensor fault,Updated software,57:07.6,57:07.6,T175,376,Completed,57:07.6,1
263,4268,Unplanned,Sensor fault,Calibrated sensor,57:07.6,57:07.6,T581,142.84,Completed,57:07.6,1
264,4269,Unplanned,Sensor fault,Updated software,57:07.6,57:07.6,T154,382.99,Completed,57:07.6,1
265,4270,Planned,Bearing wear,Rewired circuit,57:07.6,57:07.6,T616,389.72,Completed,57:07.6,1
266,4271,Unplanned,Software error,Replaced bearing,57:07.6,57:07.6,T430,183.21,Completed,57:07.6,1
267,4272,Unplanned,Hydraulic leak,Updated software,57:07.6,57:07.6,T790,113.71,Completed,57:07.6,1
268,4273,Unplanned,Electrical short,Rewired circuit,57:07.6,57:07.6,T330,386.49,Completed,57:07.6,1
269,4274,Unplanned,Bearing wear,Replaced bearing,57:07.6,57:07.6,T735,360.55,Completed,57:07.6,1
270,4275,Unplanned,Sensor fault,Calibrated sensor,57:07.6,57:07.6,T385,108.66,Completed,57:07.6,1
271,4276,Planned,Hydraulic leak,Rewired circuit,57:07.6,57:07.6,T879,354.23,Completed,57:07.6,1
272,4277,Unplanned,Hydraulic leak,Updated software,57:07.6,57:07.6,T272,317.45,Completed,57:07.6,1
273,4278,Planned,Sensor fault,Replaced bearing,57:07.6,57:07.6,T525,325.06,Completed,57:07.6,1
274,4279,Planned,Software error,Fixed leak,57:07.6,57:07.6,T811,182.2,Completed,57:07.6,1
275,4280,Unplanned,Sensor fault,Calibrated sensor,57:07.7,57:07.7,T790,235.82,Completed,57:07.7,1
276,4281,Unplanned,Software error,Replaced bearing,57:07.7,57:07.7,T631,235.08,Completed,57:07.7,1
277,4282,Unplanned,Bearing wear,Updated software,57:07.7,57:07.7,T698,465.18,Completed,57:07.7,1
278,4283,Planned,Software error,Updated software,57:07.7,57:07.7,T439,268.95,Completed,57:07.7,1
279,4284,Unplanned,Electrical short,Replaced bearing,57:07.7,57:07.7,T467,455.25,Completed,57:07.7,1
280,4285,Unplanned,Bearing wear,Calibrated sensor,57:07.7,57:07.7,T599,421.08,Completed,57:07.7,1
281,4286,Unplanned,Electrical short,Rewired circuit,57:07.7,57:07.7,T335,471.9,Completed,57:07.7,1
282,4287,Unplanned,Sensor fault,Rewired circuit,57:07.7,57:07.7,T862,460.89,Completed,57:07.7,1
283,4288,Planned,Hydraulic leak,Fixed leak,57:07.7,57:07.7,T410,195.4,Completed,57:07.7,1
284,4289,Unplanned,Software error,Calibrated sensor,57:07.7,57:07.7,T336,110.16,Completed,57:07.7,1
285,4290,Planned,Software error,Fixed leak,57:07.7,57:07.7,T517,195.74,Completed,57:07.7,1
286,4291,Planned,Bearing wear,Calibrated sensor,57:07.8,57:07.8,T286,234.01,Completed,57:07.8,1
287,4292,Planned,Bearing wear,Rewired circuit,57:07.8,57:07.8,T872,180.12,Completed,57:07.8,1
288,4293,Planned,Software error,Fixed leak,57:07.8,57:07.8,T610,413.54,Completed,57:07.8,1
289,4294,Unplanned,Electrical short,Updated software,57:07.8,57:07.8,T972,128.82,Completed,57:07.8,1
290,4295,Unplanned,Bearing wear,Replaced bearing,57:07.8,57:07.8,T785,224.46,Completed,57:07.8,1
291,4296,Planned,Software error,Rewired circuit,57:07.8,57:07.8,T643,249.61,Completed,57:07.8,1
292,4297,Planned,Software error,Updated software,57:07.8,57:07.8,T682,328.57,Completed,57:07.8,1
293,4298,Unplanned,Software error,Updated software,57:07.8,57:07.8,T471,315.48,Completed,57:07.8,1
294,4299,Planned,Software error,Rewired circuit,57:07.8,57:07.8,T462,263.37,Completed,57:07.8,1
295,4300,Planned,Software error,Updated software,57:07.8,57:07.8,T756,306.5,Completed,57:07.8,1
296,4301,Unplanned,Sensor fault,Updated software,57:07.8,57:07.8,T778,225.87,Completed,57:07.8,1
297,4302,Planned,Hydraulic leak,Calibrated sensor,57:07.8,57:07.8,T720,237.35,Completed,57:07.8,1
298,4303,Planned,Electrical short,Updated software,57:07.8,57:07.8,T633,491.29,Completed,57:07.8,1
299,4304,Unplanned,Bearing wear,Fixed leak,57:07.8,57:07.8,T640,281.47,Completed,57:07.8,1
300,4305,Unplanned,Bearing wear,Calibrated sensor,57:07.8,57:07.8,T742,222.03,Completed,57:07.8,1
301,4306,Planned,Software error,Replaced bearing,57:07.8,57:07.8,T318,352.11,Completed,57:07.8,1
302,4307,Unplanned,Electrical short,Fixed leak,57:07.8,57:07.8,T604,493.02,Completed,57:07.8,1
303,4308,Unplanned,Electrical short,Calibrated sensor,57:07.8,57:07.8,T273,109.49,Completed,57:07.8,1
304,4309,Unplanned,Software error,Replaced bearing,57:07.8,57:07.8,T916,287.5,Completed,57:07.8,1
305,4310,Unplanned,Sensor fault,Fixed leak,57:07.8,57:07.8,T551,377.96,Completed,57:07.8,1
306,4311,Planned,Bearing wear,Rewired circuit,57:07.8,57:07.8,T127,345.3,Completed,57:07.8,1
307,4312,Planned,Electrical short,Fixed leak,57:07.8,57:07.8,T928,411.05,Completed,57:07.8,1
308,4313,Unplanned,Electrical short,Updated software,57:07.8,57:07.8,T978,400.74,Completed,57:07.8,1
309,4314,Unplanned,Hydraulic leak,Fixed leak,57:07.8,57:07.8,T372,152.95,Completed,57:07.8,1
310,4315,Unplanned,Sensor fault,Calibrated sensor,57:07.8,57:07.8,T339,355.97,Completed,57:07.8,1
311,4316,Unplanned,Electrical short,Replaced bearing,57:07.8,57:07.8,T255,258.1,Completed,57:07.8,1
312,4317,Planned,Electrical short,Rewired circuit,57:07.8,57:07.8,T689,224.68,Completed,57:07.8,1
313,4318,Planned,Software error,Replaced bearing,57:07.8,57:07.8,T262,211.06,Completed,57:07.8,1
314,4319,Planned,Software error,Fixed leak,57:07.8,57:07.8,T445,312.43,Completed,57:07.8,1
315,4320,Unplanned,Bearing wear,Replaced bearing,57:07.8,57:07.8,T704,159.74,Completed,57:07.8,1
316,4321,Planned,Electrical short,Updated software,57:07.8,57:07.8,T477,465.43,Completed,57:07.8,1
317,4322,Planned,Hydraulic leak,Updated software,57:07.8,57:07.8,T137,273.88,Completed,57:07.8,1
318,4323,Planned,Bearing wear,Calibrated sensor,57:07.8,57:07.8,T733,488.66,Completed,57:07.8,1
319,4324,Unplanned,Software error,Updated software,57:07.8,57:07.8,T872,201.3,Completed,57:07.8,1
320,4325,Planned,Sensor fault,Updated software,57:07.8,57:07.8,T838,237.43,Completed,57:07.8,1
321,4326,Unplanned,Sensor fault,Rewired circuit,57:07.8,57:07.8,T319,366.48,Completed,57:07.8,1
322,4327,Planned,Hydraulic leak,Replaced bearing,57:07.8,57:07.8,T306,218.09,Completed,57:07.8,1
323,4328,Unplanned,Software error,Calibrated sensor,57:07.8,57:07.8,T946,231.95,Completed,57:07.8,1
324,4329,Unplanned,Electrical short,Calibrated sensor,57:07.8,57:07.8,T624,317.11,Completed,57:07.8,1
325,4330,Unplanned,Electrical short,Replaced bearing,57:07.8,57:07.8,T797,346.96,Completed,57:07.8,1
326,4331,Planned,Electrical short,Updated software,57:07.8,57:07.8,T752,389.84,Completed,57:07.8,1
327,4332,Unplanned,Software error,Updated software,57:07.8,57:07.8,T985,133.83,Completed,57:07.8,1
328,4333,Unplanned,Bearing wear,Fixed leak,57:07.8,57:07.8,T967,295.5,Completed,57:07.8,1
329,4334,Unplanned,Sensor fault,Calibrated sensor,57:07.8,57:07.8,T332,167.98,Completed,57:07.8,1
330,4335,Planned,Software error,Rewired circuit,57:07.8,57:07.8,T265,142.36,Completed,57:07.8,1
331,4336,Unplanned,Sensor fault,Updated software,57:07.8,57:07.8,T581,415.44,Completed,57:07.8,1
332,4337,Unplanned,Software error,Rewired circuit,57:07.8,57:07.8,T236,116.24,Completed,57:07.8,1
333,4338,Unplanned,Hydraulic leak,Updated software,57:07.8,57:07.8,T439,462.35,Completed,57:07.8,1
334,4339,Planned,Hydraulic leak,Rewired circuit,57:07.8,57:07.8,T512,433.83,Completed,57:07.8,1
335,4340,Unplanned,Sensor fault,Updated software,57:07.8,57:07.8,T846,171.46,Completed,57:07.8,1
336,4341,Unplanned,Bearing wear,Updated software,57:07.8,57:07.8,T981,152.86,Completed,57:07.8,1
337,4342,Unplanned,Software error,Rewired circuit,57:07.8,57:07.8,T233,349.35,Completed,57:07.8,1
338,4343,Planned,Hydraulic leak,Calibrated sensor,57:07.8,57:07.8,T408,425.06,Completed,57:07.8,1
339,4344,Planned,Bearing wear,Replaced bearing,57:07.8,57:07.8,T979,117.36,Completed,57:07.8,1
340,4345,Planned,Electrical short,Fixed leak,57:07.8,57:07.8,T882,208.42,Completed,57:07.8,1
341,4346,Unplanned,Electrical short,Calibrated sensor,57:07.8,57:07.8,T818,281.44,Completed,57:07.8,1
342,4347,Planned,Hydraulic leak,Updated software,57:07.8,57:07.8,T950,292.3,Completed,57:07.8,1
343,4348,Planned,Sensor fault,Updated software,57:07.8,57:07.8,T571,418.6,Completed,57:07.8,1
344,4349,Unplanned,Bearing wear,Calibrated sensor,57:07.8,57:07.8,T922,295.56,Completed,57:07.8,1
345,4350,Planned,Electrical short,Fixed leak,57:07.8,57:07.8,T582,244.31,Completed,57:07.8,1
346,4351,Unplanned,Electrical short,Replaced bearing,57:07.8,57:07.8,T210,493.45,Completed,57:07.8,1
347,4352,Unplanned,Software error,Replaced bearing,57:07.8,57:07.8,T680,183.19,Completed,57:07.8,1
348,4353,Planned,Electrical short,Fixed leak,57:07.8,57:07.8,T222,309.64,Completed,57:07.8,1
349,4354,Unplanned,Electrical short,Updated software,57:07.8,57:07.8,T974,193.1,Completed,57:07.8,1
350,4355,Unplanned,Electrical short,Replaced bearing,57:07.8,57:07.8,T994,143.83,Completed,57:07.8,1
351,4356,Planned,Bearing wear,Fixed leak,57:07.8,57:07.8,T922,282.96,Completed,57:07.8,1
352,4357,Unplanned,Bearing wear,Updated software,57:07.8,57:07.8,T262,310.15,Completed,57:07.8,1
353,4358,Planned,Software error,Rewired circuit,57:07.8,57:07.8,T364,243.65,Completed,57:07.8,1
354,4359,Planned,Sensor fault,Fixed leak,57:07.8,57:07.8,T731,424.04,Completed,57:07.8,1
355,4360,Planned,Bearing wear,Replaced bearing,57:07.8,57:07.8,T736,250.59,Completed,57:07.8,1
356,4361,Unplanned,Electrical short,Replaced bearing,57:07.8,57:07.8,T737,302.83,Completed,57:07.8,1
357,4362,Planned,Electrical short,Rewired circuit,57:07.8,57:07.8,T541,369.11,Completed,57:07.8,1
358,4363,Planned,Software error,Calibrated sensor,57:07.8,57:07.8,T292,332.08,Completed,57:07.8,1
359,4364,Unplanned,Electrical short,Updated software,57:07.8,57:07.8,T317,441.09,Completed,57:07.8,1
360,4365,Planned,Software error,Updated software,57:07.8,57:07.8,T875,450.03,Completed,57:07.8,1
361,4366,Planned,Software error,Rewired circuit,57:07.8,57:07.8,T521,260.22,Completed,57:07.8,1
362,4367,Unplanned,Electrical short,Fixed leak,57:07.8,57:07.8,T790,321.67,Completed,57:07.8,1
363,4368,Planned,Bearing wear,Updated software,57:07.8,57:07.8,T655,322.76,Completed,57:07.8,1
364,4369,Planned,Software error,Replaced bearing,57:07.8,57:07.8,T719,398.06,Completed,57:07.8,1
365,4370,Unplanned,Bearing wear,Calibrated sensor,57:07.8,57:07.8,T502,307.8,Completed,57:07.8,1
366,4371,Planned,Hydraulic leak,Updated software,57:07.8,57:07.8,T415,120.88,Completed,57:07.8,1
367,4372,Unplanned,Sensor fault,Updated software,57:07.8,57:07.8,T724,107.17,Completed,57:07.8,1
368,4373,Planned,Software error,Fixed leak,57:07.8,57:07.8,T856,220.73,Completed,57:07.8,1
369,4374,Planned,Bearing wear,Rewired circuit,57:07.8,57:07.8,T376,487.18,Completed,57:07.8,1
370,4375,Planned,Hydraulic leak,Replaced bearing,57:07.8,57:07.8,T418,271.3,Completed,57:07.8,1
371,4376,Unplanned,Software error,Fixed leak,57:07.8,57:07.8,T346,307.04,Completed,57:07.8,1
372,4377,Planned,Bearing wear,Calibrated sensor,57:07.8,57:07.8,T368,289.94,Completed,57:07.8,1
373,4378,Planned,Software error,Calibrated sensor,57:07.8,57:07.8,T442,324.87,Completed,57:07.8,1
374,4379,Unplanned,Software error,Fixed leak,57:07.8,57:07.8,T551,472.37,Completed,57:07.8,1
375,4380,Unplanned,Electrical short,Updated software,57:07.8,57:07.8,T388,405.56,Completed,57:07.8,1
376,4381,Unplanned,Electrical short,Rewired circuit,57:07.8,57:07.8,T446,419.11,Completed,57:07.8,1
377,4382,Unplanned,Software error,Replaced bearing,57:07.8,57:07.8,T109,280.19,Completed,57:07.8,1
378,4383,Unplanned,Hydraulic leak,Replaced bearing,57:07.8,57:07.8,T925,317.85,Completed,57:07.8,1
379,4384,Unplanned,Software error,Calibrated sensor,57:07.8,57:07.8,T941,169.21,Completed,57:07.8,1
380,4385,Planned,Software error,Calibrated sensor,57:07.8,57:07.8,T468,169.47,Completed,57:07.8,1
381,4386,Unplanned,Bearing wear,Calibrated sensor,57:07.8,57:07.8,T167,352.16,Completed,57:07.8,1
382,4387,Unplanned,Hydraulic leak,Replaced bearing,57:07.8,57:07.8,T811,320.96,Completed,57:07.8,1
383,4388,Unplanned,Hydraulic leak,Updated software,57:07.8,57:07.8,T932,467.27,Completed,57:07.8,1
384,4389,Planned,Electrical short,Updated software,57:07.8,57:07.8,T216,466.83,Completed,57:07.8,1
385,4390,Planned,Hydraulic leak,Calibrated sensor,57:07.8,57:07.8,T223,371.39,Completed,57:07.8,1
386,4391,Planned,Bearing wear,Updated software,57:07.8,57:07.8,T653,402.38,Completed,57:07.8,1
387,4392,Unplanned,Sensor fault,Replaced bearing,57:07.8,57:07.8,T507,117.55,Completed,57:07.8,1
388,4393,Unplanned,Software error,Fixed leak,57:07.8,57:07.8,T707,105.24,Completed,57:07.8,1
389,4394,Unplanned,Bearing wear,Fixed leak,57:07.8,57:07.8,T696,350.83,Completed,57:07.8,1
390,4395,Unplanned,Bearing wear,Updated software,57:07.8,57:07.8,T435,320.15,Completed,57:07.8,1
391,4396,Unplanned,Electrical short,Updated software,57:07.8,57:07.8,T751,262.73,Completed,57:07.8,1
392,4397,Planned,Software error,Fixed leak,57:07.8,57:07.8,T181,145.65,Completed,57:07.8,1
393,4398,Unplanned,Bearing wear,Rewired circuit,57:07.8,57:07.8,T708,389.34,Completed,57:07.8,1
394,4399,Unplanned,Bearing wear,Rewired circuit,57:07.8,57:07.8,T631,116.08,Completed,57:07.8,1
395,4400,Planned,Hydraulic leak,Calibrated sensor,57:07.8,57:07.8,T430,250.7,Completed,57:07.8,1
396,4401,Unplanned,Hydraulic leak,Rewired circuit,57:07.8,57:07.8,T732,250.03,Completed,57:07.8,1
397,4402,Unplanned,Electrical short,Calibrated sensor,57:07.8,57:07.8,T773,390.89,Completed,57:07.8,1
398,4403,Unplanned,Hydraulic leak,Calibrated sensor,57:07.8,57:07.8,T489,404.98,Completed,57:07.8,1
399,4404,Planned,Hydraulic leak,Fixed leak,57:07.8,57:07.8,T574,104.47,Completed,57:07.8,1
400,4405,Unplanned,Sensor fault,Calibrated sensor,57:07.8,57:07.8,T461,246.05,Completed,57:07.8,1
401,4406,Planned,Sensor fault,Rewired circuit,57:07.8,57:07.8,T890,179.84,Completed,57:07.8,1
402,4407,Planned,Electrical short,Replaced bearing,57:07.8,57:07.8,T462,411.69,Completed,57:07.8,1
403,4408,Unplanned,Electrical short,Replaced bearing,57:07.9,57:07.9,T591,280.9,Completed,57:07.9,1
404,4409,Planned,Hydraulic leak,Calibrated sensor,57:07.9,57:07.9,T616,414.37,Completed,57:07.9,1
405,4410,Planned,Software error,Rewired circuit,57:07.9,57:07.9,T640,338.93,Completed,57:07.9,1
406,4411,Planned,Electrical short,Rewired circuit,57:07.9,57:07.9,T623,181.83,Completed,57:07.9,1
407,4412,Planned,Hydraulic leak,Rewired circuit,57:08.0,57:08.0,T653,327.21,Completed,57:08.0,1
408,4413,Unplanned,Bearing wear,Calibrated sensor,57:08.0,57:08.0,T242,422.92,Completed,57:08.0,1
409,4414,Unplanned,Sensor fault,Replaced bearing,57:08.0,57:08.0,T126,356.01,Completed,57:08.0,1
410,4415,Unplanned,Electrical short,Updated software,57:08.0,57:08.0,T556,148.31,Completed,57:08.0,1
411,4416,Unplanned,Hydraulic leak,Rewired circuit,57:08.0,57:08.0,T664,231.62,Completed,57:08.0,1
412,4417,Unplanned,Sensor fault,Rewired circuit,57:08.0,57:08.0,T391,321.98,Completed,57:08.0,1
413,4418,Planned,Software error,Rewired circuit,57:08.0,57:08.0,T839,200.84,Completed,57:08.0,1
414,4419,Unplanned,Hydraulic leak,Replaced bearing,57:08.0,57:08.0,T319,310.85,Completed,57:08.0,1
415,4420,Unplanned,Software error,Updated software,57:08.0,57:08.0,T335,251.17,Completed,57:08.0,1
416,4421,Unplanned,Software error,Calibrated sensor,57:08.0,57:08.0,T676,307.76,Completed,57:08.0,1
417,4422,Unplanned,Software error,Updated software,57:08.0,57:08.0,T980,389.85,Completed,57:08.0,1
418,4423,Planned,Bearing wear,Rewired circuit,57:08.0,57:08.0,T664,190.99,Completed,57:08.0,1
419,4424,Unplanned,Software error,Updated software,57:08.0,57:08.0,T179,164.41,Completed,57:08.0,1
420,4425,Unplanned,Hydraulic leak,Fixed leak,57:08.0,57:08.0,T110,418.94,Completed,57:08.0,1
421,4426,Unplanned,Bearing wear,Replaced bearing,57:08.0,57:08.0,T330,412.51,Completed,57:08.0,1
422,4427,Planned,Sensor fault,Updated software,57:08.0,57:08.0,T969,167.33,Completed,57:08.0,1
423,4428,Unplanned,Software error,Replaced bearing,57:08.0,57:08.0,T753,144.94,Completed,57:08.0,1
424,4429,Unplanned,Electrical short,Updated software,57:08.0,57:08.0,T626,492.25,Completed,57:08.0,1
425,4430,Unplanned,Hydraulic leak,Calibrated sensor,57:08.0,57:08.0,T553,339.8,Completed,57:08.0,1
426,4431,Unplanned,Software error,Fixed leak,57:08.0,57:08.0,T282,122.31,Completed,57:08.0,1
427,4432,Unplanned,Electrical short,Replaced bearing,57:08.0,57:08.0,T142,442.44,Completed,57:08.0,1
428,4433,Planned,Hydraulic leak,Updated software,57:08.0,57:08.0,T387,372.49,Completed,57:08.0,1
429,4434,Unplanned,Hydraulic leak,Updated software,57:08.0,57:08.0,T469,368.97,Completed,57:08.0,1
430,4435,Unplanned,Electrical short,Replaced bearing,57:08.0,57:08.0,T432,375.64,Completed,57:08.0,1
431,4436,Planned,Sensor fault,Calibrated sensor,57:08.0,57:08.0,T620,210.52,Completed,57:08.0,1
432,4437,Planned,Hydraulic leak,Replaced bearing,57:08.0,57:08.0,T170,160.67,Completed,57:08.0,1
433,4438,Planned,Electrical short,Fixed leak,57:08.0,57:08.0,T456,336.1,Completed,57:08.0,1
434,4439,Unplanned,Electrical short,Rewired circuit,57:08.0,57:08.0,T831,125.54,Completed,57:08.0,1
435,4440,Unplanned,Software error,Calibrated sensor,57:08.0,57:08.0,T349,148.29,Completed,57:08.0,1
436,4441,Unplanned,Electrical short,Calibrated sensor,57:08.0,57:08.0,T749,212.13,Completed,57:08.0,1
437,4442,Unplanned,Bearing wear,Fixed leak,57:08.0,57:08.0,T279,291.92,Completed,57:08.0,1
438,4443,Planned,Bearing wear,Updated software,57:08.0,57:08.0,T345,383.46,Completed,57:08.0,1
439,4444,Unplanned,Electrical short,Replaced bearing,57:08.0,57:08.0,T320,497.42,Completed,57:08.0,1
440,4445,Planned,Hydraulic leak,Replaced bearing,57:08.0,57:08.0,T622,145.7,Completed,57:08.0,1
441,4446,Planned,Software error,Rewired circuit,57:08.0,57:08.0,T883,336.82,Completed,57:08.0,1
442,4447,Planned,Software error,Rewired circuit,57:08.0,57:08.0,T182,230.97,Completed,57:08.0,1
443,4448,Unplanned,Bearing wear,Replaced bearing,57:08.0,57:08.0,T224,495.12,Completed,57:08.0,1
444,4449,Unplanned,Sensor fault,Updated software,57:08.0,57:08.0,T680,285.05,Completed,57:08.0,1
445,4450,Unplanned,Bearing wear,Fixed leak,57:08.0,57:08.0,T202,470.16,Completed,57:08.0,1
446,4451,Planned,Sensor fault,Rewired circuit,57:08.0,57:08.0,T375,140.62,Completed,57:08.0,1
447,4452,Unplanned,Bearing wear,Replaced bearing,57:08.0,57:08.0,T229,223.59,Completed,57:08.0,1
448,4453,Unplanned,Software error,Updated software,57:08.0,57:08.0,T210,357.88,Completed,57:08.0,1
449,4454,Planned,Bearing wear,Fixed leak,57:08.0,57:08.0,T237,212.47,Completed,57:08.0,1
450,4455,Planned,Software error,Rewired circuit,57:08.0,57:08.0,T818,209.95,Completed,57:08.0,1
451,4456,Planned,Software error,Updated software,57:08.0,57:08.0,T215,239.39,Completed,57:08.0,1
452,4457,Planned,Electrical short,Rewired circuit,57:08.0,57:08.0,T647,315.4,Completed,57:08.0,1
453,4458,Planned,Software error,Updated software,57:08.0,57:08.0,T357,477.33,Completed,57:08.0,1
454,4459,Planned,Sensor fault,Fixed leak,57:08.0,57:08.0,T603,468.86,Completed,57:08.0,1
455,4460,Planned,Sensor fault,Fixed leak,57:08.0,57:08.0,T425,353.19,Completed,57:08.0,1
456,4461,Unplanned,Electrical short,Rewired circuit,57:08.0,57:08.0,T777,204.15,Completed,57:08.0,1
457,4462,Unplanned,Sensor fault,Fixed leak,57:08.0,57:08.0,T197,339.49,Completed,57:08.0,1
458,4463,Planned,Electrical short,Replaced bearing,57:08.0,57:08.0,T477,474.95,Completed,57:08.0,1
459,4464,Unplanned,Sensor fault,Updated software,57:08.0,57:08.0,T590,226.37,Completed,57:08.0,1
460,4465,Unplanned,Sensor fault,Replaced bearing,57:08.0,57:08.0,T992,321.62,Completed,57:08.0,1
461,4466,Unplanned,Software error,Fixed leak,57:08.0,57:08.0,T266,181.34,Completed,57:08.0,1
462,4467,Planned,Software error,Calibrated sensor,57:08.0,57:08.0,T972,199.61,Completed,57:08.0,1
463,4468,Unplanned,Electrical short,Rewired circuit,57:08.1,57:08.1,T512,144.79,Completed,57:08.1,1
464,4469,Planned,Sensor fault,Calibrated sensor,57:08.1,57:08.1,T357,317.87,Completed,57:08.1,1
465,4470,Unplanned,Bearing wear,Updated software,57:08.1,57:08.1,T520,264.59,Completed,57:08.1,1
466,4471,Unplanned,Electrical short,Calibrated sensor,57:08.1,57:08.1,T790,319.33,Completed,57:08.1,1
467,4472,Unplanned,Electrical short,Calibrated sensor,57:08.1,57:08.1,T911,348.87,Completed,57:08.1,1
468,4473,Unplanned,Electrical short,Updated software,57:08.1,57:08.1,T512,425.27,Completed,57:08.1,1
469,4474,Planned,Bearing wear,Fixed leak,57:08.1,57:08.1,T132,332.93,Completed,57:08.1,1
470,4475,Unplanned,Bearing wear,Replaced bearing,57:08.1,57:08.1,T533,281.98,Completed,57:08.1,1
471,4476,Planned,Software error,Fixed leak,57:08.1,57:08.1,T682,257.66,Completed,57:08.1,1
472,4477,Unplanned,Bearing wear,Updated software,57:08.1,57:08.1,T971,470.19,Completed,57:08.1,1
473,4478,Planned,Electrical short,Calibrated sensor,57:08.1,57:08.1,T110,310.09,Completed,57:08.1,1
474,4479,Planned,Bearing wear,Rewired circuit,57:08.1,57:08.1,T641,313.04,Completed,57:08.1,1
475,4480,Unplanned,Hydraulic leak,Calibrated sensor,57:08.1,57:08.1,T473,389.51,Completed,57:08.1,1
476,4481,Unplanned,Hydraulic leak,Updated software,57:08.1,57:08.1,T989,133.38,Completed,57:08.1,1
477,4482,Unplanned,Software error,Fixed leak,57:08.1,57:08.1,T197,203.15,Completed,57:08.1,1
478,4483,Unplanned,Sensor fault,Replaced bearing,57:08.1,57:08.1,T481,307.22,Completed,57:08.1,1
479,4484,Unplanned,Bearing wear,Rewired circuit,57:08.1,57:08.1,T765,301.76,Completed,57:08.1,1
480,4485,Unplanned,Bearing wear,Fixed leak,57:08.1,57:08.1,T619,462.8,Completed,57:08.1,1
481,4486,Unplanned,Bearing wear,Fixed leak,57:08.1,57:08.1,T120,137.38,Completed,57:08.1,1
482,4487,Unplanned,Software error,Rewired circuit,57:08.1,57:08.1,T188,362.02,Completed,57:08.1,1
483,4488,Planned,Sensor fault,Updated software,57:08.1,57:08.1,T433,319.09,Completed,57:08.1,1
484,4489,Planned,Sensor fault,Calibrated sensor,57:08.1,57:08.1,T389,243.76,Completed,57:08.1,1
485,4490,Planned,Bearing wear,Calibrated sensor,57:08.1,57:08.1,T941,312.62,Completed,57:08.1,1
486,4491,Planned,Software error,Replaced bearing,57:08.1,57:08.1,T422,493.24,Completed,57:08.1,1
487,4492,Planned,Bearing wear,Replaced bearing,57:08.1,57:08.1,T881,288.72,Completed,57:08.1,1
488,4493,Planned,Bearing wear,Fixed leak,57:08.1,57:08.1,T822,461.57,Completed,57:08.1,1
489,4494,Planned,Software error,Updated software,57:08.1,57:08.1,T470,492.55,Completed,57:08.1,1
490,4495,Unplanned,Sensor fault,Rewired circuit,57:08.1,57:08.1,T891,275.29,Completed,57:08.1,1
491,4496,Planned,Sensor fault,Replaced bearing,57:08.1,57:08.1,T496,234.44,Completed,57:08.1,1
492,4497,Planned,Electrical short,Calibrated sensor,57:08.1,57:08.1,T516,297.37,Completed,57:08.1,1
493,4498,Unplanned,Hydraulic leak,Fixed leak,57:08.1,57:08.1,T749,382.6,Completed,57:08.1,1
494,4499,Planned,Electrical short,Fixed leak,57:08.1,57:08.1,T992,105.74,Completed,57:08.1,1
495,4500,Unplanned,Sensor fault,Rewired circuit,57:08.1,57:08.1,T825,232.31,Completed,57:08.1,1
496,4501,Unplanned,Bearing wear,Rewired circuit,57:08.1,57:08.1,T782,191.97,Completed,57:08.1,1
497,4502,Unplanned,Bearing wear,Rewired circuit,57:08.1,57:08.1,T205,412.78,Completed,57:08.1,1
498,4503,Unplanned,Electrical short,Rewired circuit,57:08.1,57:08.1,T799,472.51,Completed,57:08.1,1
499,4504,Planned,Software error,Updated software,57:08.1,57:08.1,T752,383.6,Completed,57:08.1,1
500,4505,Planned,Sensor fault,Rewired circuit,57:08.1,57:08.1,T530,164.01,Completed,57:08.1,1
501,4506,Planned,Sensor fault,Replaced bearing,57:08.1,57:08.1,T649,139.6,Completed,57:08.1,1
502,4507,Planned,Sensor fault,Fixed leak,57:08.1,57:08.1,T248,316.42,Completed,57:08.1,1
503,4508,Planned,Electrical short,Fixed leak,57:08.1,57:08.1,T482,446.58,Completed,57:08.1,1
504,4509,Planned,Bearing wear,Replaced bearing,57:08.1,57:08.1,T247,455.23,Completed,57:08.1,1
505,4510,Planned,Hydraulic leak,Updated software,57:08.2,57:08.2,T930,127.12,Completed,57:08.2,1
506,4511,Planned,Hydraulic leak,Updated software,57:08.2,57:08.2,T352,340.02,Completed,57:08.2,1
507,4512,Planned,Electrical short,Updated software,57:08.2,57:08.2,T769,303.57,Completed,57:08.2,1
508,4513,Planned,Sensor fault,Rewired circuit,57:08.3,57:08.3,T210,479.39,Completed,57:08.3,1
509,4514,Planned,Electrical short,Calibrated sensor,57:08.3,57:08.3,T692,402.54,Completed,57:08.3,1
510,4515,Planned,Hydraulic leak,Rewired circuit,57:08.3,57:08.3,T959,138.99,Completed,57:08.3,1
511,4516,Unplanned,Bearing wear,Updated software,57:08.3,57:08.3,T126,362.11,Completed,57:08.3,1
512,4517,Unplanned,Bearing wear,Replaced bearing,57:08.3,57:08.3,T973,307.03,Completed,57:08.3,1
513,4518,Unplanned,Electrical short,Fixed leak,57:08.3,57:08.3,T146,122.62,Completed,57:08.3,1
514,4519,Planned,Bearing wear,Rewired circuit,57:08.3,57:08.3,T170,401.39,Completed,57:08.3,1
515,4520,Planned,Bearing wear,Updated software,57:08.3,57:08.3,T935,389.54,Completed,57:08.3,1
516,4521,Unplanned,Bearing wear,Updated software,57:08.3,57:08.3,T289,255.39,Completed,57:08.3,1
517,4522,Planned,Sensor fault,Rewired circuit,57:08.3,57:08.3,T542,109.21,Completed,57:08.3,1
518,4523,Unplanned,Electrical short,Replaced bearing,57:08.3,57:08.3,T736,237.8,Completed,57:08.3,1
519,4524,Planned,Sensor fault,Replaced bearing,57:08.3,57:08.3,T736,268.17,Completed,57:08.3,1
520,4525,Planned,Electrical short,Calibrated sensor,57:08.3,57:08.3,T863,234.71,Completed,57:08.3,1
521,4526,Planned,Electrical short,Updated software,57:08.3,57:08.3,T603,229.05,Completed,57:08.3,1
522,4527,Planned,Sensor fault,Rewired circuit,57:08.3,57:08.3,T806,473.73,Completed,57:08.3,1
523,4528,Unplanned,Software error,Calibrated sensor,57:08.3,57:08.3,T386,112.56,Completed,57:08.3,1
524,4529,Unplanned,Bearing wear,Replaced bearing,57:08.3,57:08.3,T907,180.67,Completed,57:08.3,1
525,4530,Planned,Hydraulic leak,Updated software,57:08.3,57:08.3,T922,385.51,Completed,57:08.3,1
526,4531,Planned,Bearing wear,Replaced bearing,57:08.3,57:08.3,T965,177.09,Completed,57:08.3,1
527,4532,Planned,Sensor fault,Rewired circuit,57:08.3,57:08.3,T514,226.19,Completed,57:08.3,1
528,4533,Planned,Bearing wear,Replaced bearing,57:08.3,57:08.3,T162,308.12,Completed,57:08.3,1
529,4534,Planned,Electrical short,Updated software,57:08.3,57:08.3,T470,410.04,Completed,57:08.3,1
530,4535,Unplanned,Bearing wear,Updated software,57:08.3,57:08.3,T559,106.12,Completed,57:08.3,1
531,4536,Unplanned,Bearing wear,Replaced bearing,57:08.3,57:08.3,T461,400.5,Completed,57:08.3,1
532,4537,Unplanned,Software error,Fixed leak,57:08.3,57:08.3,T748,387.05,Completed,57:08.3,1
533,4538,Planned,Sensor fault,Fixed leak,57:08.3,57:08.3,T696,427.69,Completed,57:08.3,1
534,4539,Planned,Sensor fault,Rewired circuit,57:08.3,57:08.3,T136,390.43,Completed,57:08.3,1
535,4540,Unplanned,Hydraulic leak,Fixed leak,57:08.3,57:08.3,T696,420.4,Completed,57:08.3,1
536,4541,Planned,Bearing wear,Updated software,57:08.3,57:08.3,T871,251.5,Completed,57:08.3,1
537,4542,Planned,Software error,Calibrated sensor,57:08.3,57:08.3,T322,139.46,Completed,57:08.3,1
538,4543,Planned,Sensor fault,Updated software,57:08.3,57:08.3,T831,418.97,Completed,57:08.3,1
539,4544,Planned,Hydraulic leak,Updated software,57:08.3,57:08.3,T140,425.86,Completed,57:08.3,1
540,4545,Planned,Sensor fault,Rewired circuit,57:08.3,57:08.3,T171,270.79,Completed,57:08.3,1
541,4546,Unplanned,Sensor fault,Updated software,57:08.3,57:08.3,T807,153.64,Completed,57:08.3,1
542,4547,Unplanned,Sensor fault,Rewired circuit,57:08.3,57:08.3,T525,279.01,Completed,57:08.3,1
543,4548,Unplanned,Electrical short,Rewired circuit,57:08.3,57:08.3,T312,427.52,Completed,57:08.3,1
544,4549,Planned,Sensor fault,Calibrated sensor,57:08.3,57:08.3,T273,152.79,Completed,57:08.3,1
545,4550,Planned,Hydraulic leak,Updated software,57:08.3,57:08.3,T755,443.4,Completed,57:08.3,1
546,4551,Unplanned,Software error,Calibrated sensor,57:08.3,57:08.3,T198,275.3,Completed,57:08.3,1
547,4552,Planned,Bearing wear,Fixed leak,57:08.3,57:08.3,T752,398.91,Completed,57:08.3,1
548,4553,Unplanned,Electrical short,Replaced bearing,57:08.3,57:08.3,T773,181.79,Completed,57:08.3,1
549,4554,Planned,Bearing wear,Updated software,57:08.3,57:08.3,T399,440.47,Completed,57:08.3,1
550,4555,Unplanned,Software error,Updated software,57:08.3,57:08.3,T221,129.12,Completed,57:08.3,1
551,4556,Planned,Software error,Replaced bearing,57:08.3,57:08.3,T523,438.52,Completed,57:08.3,1
552,4557,Planned,Bearing wear,Calibrated sensor,57:08.3,57:08.3,T210,499.97,Completed,57:08.3,1
553,4558,Planned,Sensor fault,Fixed leak,57:08.3,57:08.3,T948,115.63,Completed,57:08.3,1
554,4559,Planned,Hydraulic leak,Fixed leak,57:08.3,57:08.3,T109,386.84,Completed,57:08.3,1
555,4560,Planned,Sensor fault,Updated software,57:08.3,57:08.3,T198,204.35,Completed,57:08.3,1
556,4561,Planned,Software error,Calibrated sensor,57:08.3,57:08.3,T866,356.25,Completed,57:08.3,1
557,4562,Planned,Bearing wear,Updated software,57:08.3,57:08.3,T655,381.24,Completed,57:08.3,1
558,4563,Planned,Bearing wear,Fixed leak,57:08.3,57:08.3,T780,272.05,Completed,57:08.3,1
559,4564,Unplanned,Software error,Calibrated sensor,57:08.3,57:08.3,T354,134.28,Completed,57:08.3,1
560,4565,Unplanned,Hydraulic leak,Updated software,57:08.3,57:08.3,T556,322.43,Completed,57:08.3,1
561,4566,Planned,Bearing wear,Updated software,57:08.3,57:08.3,T178,259.62,Completed,57:08.3,1
562,4567,Planned,Sensor fault,Fixed leak,57:08.3,57:08.3,T279,198.77,Completed,57:08.3,1
563,4568,Planned,Electrical short,Replaced bearing,57:08.3,57:08.3,T982,452.25,Completed,57:08.3,1
564,4569,Planned,Electrical short,Rewired circuit,57:08.3,57:08.3,T819,159.63,Completed,57:08.3,1
565,4570,Unplanned,Electrical short,Replaced bearing,57:08.3,57:08.3,T812,318.68,Completed,57:08.3,1
566,4571,Planned,Sensor fault,Updated software,57:08.3,57:08.3,T145,301.82,Completed,57:08.3,1
567,4572,Planned,Sensor fault,Calibrated sensor,57:08.3,57:08.3,T242,387.19,Completed,57:08.3,1
568,4573,Unplanned,Bearing wear,Fixed leak,57:08.3,57:08.3,T432,356.86,Completed,57:08.3,1
569,4574,Planned,Electrical short,Rewired circuit,57:08.3,57:08.3,T591,193.87,Completed,57:08.3,1
570,4575,Planned,Bearing wear,Updated software,57:08.3,57:08.3,T764,346.13,Completed,57:08.3,1
571,4576,Unplanned,Software error,Rewired circuit,57:08.3,57:08.3,T388,172,Completed,57:08.3,1
572,4577,Unplanned,Electrical short,Replaced bearing,57:08.3,57:08.3,T245,146.95,Completed,57:08.3,1
573,4578,Unplanned,Electrical short,Replaced bearing,57:08.3,57:08.3,T191,491.66,Completed,57:08.3,1
574,4579,Planned,Sensor fault,Rewired circuit,57:08.3,57:08.3,T349,339.68,Completed,57:08.3,1
575,4580,Unplanned,Bearing wear,Calibrated sensor,57:08.3,57:08.3,T992,482.6,Completed,57:08.3,1
576,4581,Unplanned,Software error,Rewired circuit,57:08.3,57:08.3,T941,467.83,Completed,57:08.3,1
577,4582,Planned,Hydraulic leak,Replaced bearing,57:08.3,57:08.3,T294,298.47,Completed,57:08.3,1
578,4583,Planned,Bearing wear,Rewired circuit,57:08.3,57:08.3,T943,228.77,Completed,57:08.3,1
579,4584,Unplanned,Software error,Replaced bearing,57:08.3,57:08.3,T545,267.57,Completed,57:08.3,1
580,4585,Unplanned,Software error,Calibrated sensor,57:08.3,57:08.3,T398,398.82,Completed,57:08.3,1
581,4586,Planned,Bearing wear,Updated software,57:08.3,57:08.3,T905,318.64,Completed,57:08.3,1
582,4587,Unplanned,Software error,Fixed leak,57:08.4,57:08.4,T362,279.02,Completed,57:08.4,1
583,4588,Unplanned,Software error,Updated software,57:08.4,57:08.4,T772,481.21,Completed,57:08.4,1
584,4589,Planned,Hydraulic leak,Rewired circuit,57:08.4,57:08.4,T323,221.75,Completed,57:08.4,1
585,4590,Planned,Software error,Updated software,57:08.5,57:08.5,T288,337.5,Completed,57:08.5,1
586,4591,Unplanned,Software error,Fixed leak,57:08.5,57:08.5,T847,472.49,Completed,57:08.5,1
587,4592,Planned,Electrical short,Replaced bearing,57:08.5,57:08.5,T355,318.88,Completed,57:08.5,1
588,4593,Planned,Sensor fault,Replaced bearing,57:08.5,57:08.5,T894,162.91,Completed,57:08.5,1
589,4594,Unplanned,Sensor fault,Fixed leak,57:08.5,57:08.5,T494,342.33,Completed,57:08.5,1
590,4595,Unplanned,Sensor fault,Rewired circuit,57:08.5,57:08.5,T624,101.35,Completed,57:08.5,1
591,4596,Planned,Electrical short,Rewired circuit,57:08.5,57:08.5,T562,381.88,Completed,57:08.5,1
592,4597,Unplanned,Hydraulic leak,Rewired circuit,57:08.5,57:08.5,T936,230.86,Completed,57:08.5,1
593,4598,Planned,Software error,Updated software,57:08.5,57:08.5,T535,322.31,Completed,57:08.5,1
594,4599,Unplanned,Electrical short,Rewired circuit,57:08.5,57:08.5,T443,233.08,Completed,57:08.5,1
595,4600,Unplanned,Bearing wear,Calibrated sensor,57:08.5,57:08.5,T936,263.86,Completed,57:08.5,1
596,4601,Planned,Bearing wear,Calibrated sensor,57:08.5,57:08.5,T893,413.73,Completed,57:08.5,1
597,4602,Planned,Bearing wear,Replaced bearing,57:08.5,57:08.5,T705,252.6,Completed,57:08.5,1
598,4603,Unplanned,Electrical short,Fixed leak,57:08.5,57:08.5,T273,491.26,Completed,57:08.5,1
599,4604,Planned,Software error,Updated software,57:08.5,57:08.5,T138,123.8,Completed,57:08.5,1
600,4605,Planned,Hydraulic leak,Replaced bearing,57:08.5,57:08.5,T365,324.88,Completed,57:08.5,1
601,4606,Planned,Bearing wear,Calibrated sensor,57:08.5,57:08.5,T143,323.24,Completed,57:08.5,1
602,4607,Planned,Bearing wear,Rewired circuit,57:08.5,57:08.5,T188,366.71,Completed,57:08.5,1
603,4608,Unplanned,Bearing wear,Updated software,57:08.5,57:08.5,T701,195.28,Completed,57:08.5,1
604,4609,Planned,Sensor fault,Updated software,57:08.5,57:08.5,T470,439.06,Completed,57:08.5,1
605,4610,Planned,Electrical short,Rewired circuit,57:08.5,57:08.5,T586,332.7,Completed,57:08.5,1
606,4611,Planned,Bearing wear,Fixed leak,57:08.5,57:08.5,T523,313.34,Completed,57:08.5,1
607,4612,Unplanned,Bearing wear,Replaced bearing,57:08.5,57:08.5,T743,189.78,Completed,57:08.5,1
608,4613,Planned,Software error,Fixed leak,57:08.5,57:08.5,T210,174.33,Completed,57:08.5,1
609,4614,Unplanned,Electrical short,Rewired circuit,57:08.5,57:08.5,T323,147.03,Completed,57:08.5,1
610,4615,Planned,Bearing wear,Calibrated sensor,57:08.5,57:08.5,T109,324.3,Completed,57:08.5,1
611,4616,Unplanned,Bearing wear,Calibrated sensor,57:08.5,57:08.5,T467,152.31,Completed,57:08.5,1
612,4617,Planned,Sensor fault,Updated software,57:08.5,57:08.5,T777,304.45,Completed,57:08.5,1
613,4618,Unplanned,Sensor fault,Calibrated sensor,57:08.5,57:08.5,T620,249.19,Completed,57:08.5,1
614,4619,Planned,Hydraulic leak,Updated software,57:08.5,57:08.5,T407,192.94,Completed,57:08.5,1
615,4620,Unplanned,Sensor fault,Calibrated sensor,57:08.5,57:08.5,T563,171.93,Completed,57:08.5,1
616,4621,Unplanned,Bearing wear,Replaced bearing,57:08.5,57:08.5,T116,110.62,Completed,57:08.5,1
617,4622,Unplanned,Software error,Fixed leak,57:08.5,57:08.5,T853,499.58,Completed,57:08.5,1
618,4623,Planned,Hydraulic leak,Updated software,57:08.5,57:08.5,T194,392.83,Completed,57:08.5,1
619,4624,Planned,Software error,Updated software,57:08.5,57:08.5,T296,456.9,Completed,57:08.5,1
620,4625,Planned,Hydraulic leak,Updated software,57:08.5,57:08.5,T576,311.75,Completed,57:08.5,1
621,4626,Unplanned,Hydraulic leak,Replaced bearing,57:08.5,57:08.5,T198,338.59,Completed,57:08.5,1
622,4627,Unplanned,Electrical short,Calibrated sensor,57:08.5,57:08.5,T290,344.3,Completed,57:08.5,1
623,4628,Unplanned,Sensor fault,Calibrated sensor,57:08.5,57:08.5,T651,449.08,Completed,57:08.5,1
624,4629,Unplanned,Software error,Calibrated sensor,57:08.5,57:08.5,T541,479.96,Completed,57:08.5,1
625,4630,Planned,Software error,Rewired circuit,57:08.5,57:08.5,T549,154.93,Completed,57:08.5,1
626,4631,Unplanned,Hydraulic leak,Calibrated sensor,57:08.5,57:08.5,T496,447.71,Completed,57:08.5,1
627,4632,Unplanned,Bearing wear,Fixed leak,57:08.5,57:08.5,T850,327.27,Completed,57:08.5,1
628,4633,Planned,Hydraulic leak,Fixed leak,57:08.5,57:08.5,T200,159.69,Completed,57:08.5,1
629,4634,Planned,Electrical short,Rewired circuit,57:08.5,57:08.5,T577,365.96,Completed,57:08.5,1
630,4635,Planned,Electrical short,Fixed leak,57:08.5,57:08.5,T198,488.05,Completed,57:08.5,1
631,4636,Unplanned,Software error,Updated software,57:08.5,57:08.5,T404,405.38,Completed,57:08.5,1
632,4637,Unplanned,Software error,Replaced bearing,57:08.5,57:08.5,T427,336.24,Completed,57:08.5,1
633,4638,Planned,Sensor fault,Calibrated sensor,57:08.5,57:08.5,T875,411.2,Completed,57:08.5,1
634,4639,Planned,Software error,Rewired circuit,57:08.5,57:08.5,T251,254.32,Completed,57:08.5,1
635,4640,Unplanned,Hydraulic leak,Calibrated sensor,57:08.5,57:08.5,T858,211.62,Completed,57:08.5,1
636,4641,Planned,Sensor fault,Calibrated sensor,57:08.5,57:08.5,T197,262.49,Completed,57:08.5,1
637,4642,Planned,Sensor fault,Updated software,57:08.5,57:08.5,T168,379.91,Completed,57:08.5,1
638,4643,Planned,Hydraulic leak,Replaced bearing,57:08.5,57:08.5,T253,255.89,Completed,57:08.5,1
639,4644,Planned,Electrical short,Replaced bearing,57:08.5,57:08.5,T768,154.89,Completed,57:08.5,1
640,4645,Planned,Electrical short,Fixed leak,57:08.5,57:08.5,T301,250.25,Completed,57:08.5,1
641,4646,Unplanned,Hydraulic leak,Fixed leak,57:08.5,57:08.5,T357,193.2,Completed,57:08.5,1
642,4647,Unplanned,Hydraulic leak,Updated software,57:08.5,57:08.5,T675,311.52,Completed,57:08.5,1
643,4648,Unplanned,Electrical short,Updated software,57:08.5,57:08.5,T278,363.34,Completed,57:08.5,1
644,4649,Planned,Bearing wear,Fixed leak,57:08.6,57:08.6,T255,456.92,Completed,57:08.6,1
645,4650,Unplanned,Software error,Rewired circuit,57:08.6,57:08.6,T643,291.6,Completed,57:08.6,1
646,4651,Planned,Software error,Updated software,57:08.6,57:08.6,T449,154.05,Completed,57:08.6,1
647,4652,Planned,Bearing wear,Fixed leak,57:08.6,57:08.6,T346,398.89,Completed,57:08.6,1
648,4653,Planned,Sensor fault,Replaced bearing,57:08.6,57:08.6,T144,485.23,Completed,57:08.6,1
649,4654,Unplanned,Sensor fault,Updated software,57:08.6,57:08.6,T870,245.93,Completed,57:08.6,1
650,4655,Unplanned,Sensor fault,Rewired circuit,57:08.6,57:08.6,T425,369.54,Completed,57:08.6,1
651,4656,Planned,Electrical short,Calibrated sensor,57:08.6,57:08.6,T278,446.84,Completed,57:08.6,1
652,4657,Planned,Sensor fault,Replaced bearing,57:08.6,57:08.6,T374,214.53,Completed,57:08.6,1
653,4658,Planned,Electrical short,Rewired circuit,57:08.6,57:08.6,T461,393.15,Completed,57:08.6,1
654,4659,Planned,Bearing wear,Replaced bearing,57:08.6,57:08.6,T841,351.69,Completed,57:08.6,1
655,4660,Planned,Sensor fault,Calibrated sensor,57:08.6,57:08.6,T418,429.11,Completed,57:08.6,1
656,4661,Planned,Sensor fault,Fixed leak,57:08.6,57:08.6,T363,214.06,Completed,57:08.6,1
657,4662,Planned,Bearing wear,Fixed leak,57:08.6,57:08.6,T459,487.86,Completed,57:08.6,1
658,4663,Unplanned,Bearing wear,Fixed leak,57:08.6,57:08.6,T291,204.05,Completed,57:08.6,1
659,4664,Unplanned,Sensor fault,Rewired circuit,57:08.6,57:08.6,T353,155.34,Completed,57:08.6,1
660,4665,Planned,Electrical short,Updated software,57:08.6,57:08.6,T405,167.68,Completed,57:08.6,1
661,4666,Unplanned,Hydraulic leak,Rewired circuit,57:08.6,57:08.6,T345,478.61,Completed,57:08.6,1
662,4667,Unplanned,Hydraulic leak,Calibrated sensor,57:08.6,57:08.6,T441,237.61,Completed,57:08.6,1
663,4668,Planned,Electrical short,Calibrated sensor,57:08.6,57:08.6,T683,272.74,Completed,57:08.6,1
664,4669,Planned,Software error,Updated software,57:08.6,57:08.6,T604,378.28,Completed,57:08.6,1
665,4670,Unplanned,Hydraulic leak,Replaced bearing,57:08.6,57:08.6,T512,121.42,Completed,57:08.6,1
666,4671,Planned,Hydraulic leak,Replaced bearing,57:08.6,57:08.6,T346,284.91,Completed,57:08.6,1
667,4672,Unplanned,Bearing wear,Rewired circuit,57:08.6,57:08.6,T520,184.28,Completed,57:08.6,1
668,4673,Unplanned,Hydraulic leak,Fixed leak,57:08.6,57:08.6,T907,296.1,Completed,57:08.6,1
669,4674,Unplanned,Bearing wear,Replaced bearing,57:08.6,57:08.6,T400,208.71,Completed,57:08.6,1
670,4675,Planned,Sensor fault,Calibrated sensor,57:08.6,57:08.6,T136,269.16,Completed,57:08.6,1
671,4676,Unplanned,Electrical short,Calibrated sensor,57:08.6,57:08.6,T692,245.05,Completed,57:08.6,1
672,4677,Planned,Sensor fault,Calibrated sensor,57:08.6,57:08.6,T949,489.89,Completed,57:08.6,1
673,4678,Unplanned,Bearing wear,Rewired circuit,57:08.6,57:08.6,T740,389.2,Completed,57:08.6,1
674,4679,Unplanned,Hydraulic leak,Replaced bearing,57:08.6,57:08.6,T581,199.17,Completed,57:08.6,1
675,4680,Planned,Bearing wear,Calibrated sensor,57:08.6,57:08.6,T281,485.2,Completed,57:08.6,1
676,4681,Planned,Sensor fault,Calibrated sensor,57:08.6,57:08.6,T866,204.86,Completed,57:08.6,1
677,4682,Planned,Sensor fault,Fixed leak,57:08.6,57:08.6,T840,444.17,Completed,57:08.6,1
678,4683,Planned,Bearing wear,Replaced bearing,57:08.6,57:08.6,T495,166.12,Completed,57:08.6,1
679,4684,Planned,Electrical short,Updated software,57:08.6,57:08.6,T186,460.35,Completed,57:08.6,1
680,4685,Unplanned,Bearing wear,Calibrated sensor,57:08.6,57:08.6,T312,119.42,Completed,57:08.6,1
681,4686,Unplanned,Sensor fault,Fixed leak,57:08.6,57:08.6,T246,313.8,Completed,57:08.6,1
682,4687,Unplanned,Software error,Rewired circuit,57:08.6,57:08.6,T366,220.24,Completed,57:08.6,1
683,4688,Planned,Software error,Updated software,57:08.6,57:08.6,T108,392.41,Completed,57:08.6,1
684,4689,Unplanned,Bearing wear,Calibrated sensor,57:08.6,57:08.6,T689,191.94,Completed,57:08.6,1
685,4690,Unplanned,Software error,Updated software,57:08.6,57:08.6,T841,366.96,Completed,57:08.6,1
686,4691,Planned,Electrical short,Calibrated sensor,57:08.6,57:08.6,T461,371.22,Completed,57:08.6,1
687,4692,Planned,Bearing wear,Calibrated sensor,57:08.7,57:08.7,T820,329.94,Completed,57:08.7,1
688,4693,Planned,Hydraulic leak,Calibrated sensor,57:08.7,57:08.7,T474,444.55,Completed,57:08.7,1
689,4694,Planned,Sensor fault,Fixed leak,57:08.7,57:08.7,T231,313.74,Completed,57:08.7,1
690,4695,Planned,Bearing wear,Fixed leak,57:08.7,57:08.7,T817,462.61,Completed,57:08.7,1
691,4696,Planned,Bearing wear,Rewired circuit,57:08.7,57:08.7,T385,400.6,Completed,57:08.7,1
692,4697,Unplanned,Sensor fault,Replaced bearing,57:08.7,57:08.7,T168,383.8,Completed,57:08.7,1
693,4698,Unplanned,Bearing wear,Updated software,57:08.7,57:08.7,T263,238.27,Completed,57:08.7,1
694,4699,Unplanned,Sensor fault,Fixed leak,57:08.7,57:08.7,T530,442.53,Completed,57:08.7,1
695,4700,Unplanned,Software error,Replaced bearing,57:08.7,57:08.7,T445,335.54,Completed,57:08.7,1
696,4701,Unplanned,Bearing wear,Calibrated sensor,57:08.7,57:08.7,T147,169.94,Completed,57:08.7,1
697,4702,Unplanned,Hydraulic leak,Replaced bearing,57:08.7,57:08.7,T286,133.17,Completed,57:08.7,1
698,4703,Planned,Software error,Calibrated sensor,57:08.7,57:08.7,T636,109.09,Completed,57:08.7,1
699,4704,Unplanned,Hydraulic leak,Rewired circuit,57:08.7,57:08.7,T470,135.92,Completed,57:08.7,1
700,4705,Unplanned,Software error,Calibrated sensor,57:08.8,57:08.8,T525,434.63,Completed,57:08.8,1
701,4706,Unplanned,Bearing wear,Fixed leak,57:08.8,57:08.8,T272,459.44,Completed,57:08.8,1
702,4707,Unplanned,Sensor fault,Calibrated sensor,57:08.8,57:08.8,T808,201.94,Completed,57:08.8,1
703,4708,Planned,Electrical short,Calibrated sensor,57:08.8,57:08.8,T760,324.91,Completed,57:08.8,1
704,4709,Planned,Software error,Calibrated sensor,57:08.8,57:08.8,T734,257.31,Completed,57:08.8,1
705,4710,Unplanned,Software error,Rewired circuit,57:08.8,57:08.8,T809,383.05,Completed,57:08.8,1
706,4711,Planned,Software error,Calibrated sensor,57:08.8,57:08.8,T333,235.3,Completed,57:08.8,1
707,4712,Unplanned,Hydraulic leak,Calibrated sensor,57:08.8,57:08.8,T143,119.2,Completed,57:08.8,1
708,4713,Unplanned,Bearing wear,Updated software,57:08.8,57:08.8,T133,394.03,Completed,57:08.8,1
709,4714,Planned,Software error,Updated software,57:08.8,57:08.8,T308,249.38,Completed,57:08.8,1
710,4715,Unplanned,Bearing wear,Fixed leak,57:08.8,57:08.8,T563,449.57,Completed,57:08.8,1
711,4716,Unplanned,Software error,Updated software,57:08.8,57:08.8,T921,401.86,Completed,57:08.8,1
712,4717,Planned,Software error,Calibrated sensor,57:08.8,57:08.8,T607,448.01,Completed,57:08.8,1
713,4718,Planned,Hydraulic leak,Updated software,57:08.8,57:08.8,T550,145.37,Completed,57:08.8,1
714,4719,Planned,Software error,Replaced bearing,57:08.8,57:08.8,T621,426.01,Completed,57:08.8,1
715,4720,Planned,Sensor fault,Updated software,57:08.8,57:08.8,T609,399.86,Completed,57:08.8,1
716,4721,Planned,Sensor fault,Rewired circuit,57:08.8,57:08.8,T140,292.28,Completed,57:08.8,1
717,4722,Unplanned,Electrical short,Replaced bearing,57:08.8,57:08.8,T714,472.52,Completed,57:08.8,1
718,4723,Planned,Electrical short,Updated software,57:08.8,57:08.8,T363,307.96,Completed,57:08.8,1
719,4724,Unplanned,Software error,Rewired circuit,57:08.8,57:08.8,T600,228.36,Completed,57:08.8,1
720,4725,Unplanned,Electrical short,Calibrated sensor,57:08.8,57:08.8,T342,109.93,Completed,57:08.8,1
721,4726,Unplanned,Hydraulic leak,Rewired circuit,57:08.8,57:08.8,T882,318.04,Completed,57:08.8,1
722,4727,Unplanned,Sensor fault,Fixed leak,57:08.8,57:08.8,T116,103.52,Completed,57:08.8,1
723,4728,Planned,Bearing wear,Updated software,57:08.8,57:08.8,T364,159.83,Completed,57:08.8,1
724,4729,Unplanned,Hydraulic leak,Updated software,57:08.8,57:08.8,T271,326.46,Completed,57:08.8,1
725,4730,Unplanned,Software error,Replaced bearing,57:08.8,57:08.8,T399,232.51,Completed,57:08.8,1
726,4731,Unplanned,Electrical short,Replaced bearing,57:08.8,57:08.8,T712,253.18,Completed,57:08.8,1
727,4732,Planned,Bearing wear,Calibrated sensor,57:08.8,57:08.8,T192,378.6,Completed,57:08.8,1
728,4733,Unplanned,Sensor fault,Rewired circuit,57:08.8,57:08.8,T948,353.35,Completed,57:08.8,1
729,4734,Unplanned,Software error,Replaced bearing,57:08.8,57:08.8,T110,195.78,Completed,57:08.8,1
730,4735,Planned,Software error,Rewired circuit,57:08.8,57:08.8,T735,271.24,Completed,57:08.8,1
731,4736,Unplanned,Software error,Replaced bearing,57:08.8,57:08.8,T338,441.9,Completed,57:08.8,1
732,4737,Unplanned,Hydraulic leak,Rewired circuit,57:08.8,57:08.8,T140,163.23,Completed,57:08.8,1
733,4738,Planned,Bearing wear,Updated software,57:08.8,57:08.8,T773,217.72,Completed,57:08.8,1
734,4739,Planned,Bearing wear,Rewired circuit,57:08.8,57:08.8,T258,335.82,Completed,57:08.8,1
735,4740,Unplanned,Sensor fault,Updated software,57:08.8,57:08.8,T464,463.02,Completed,57:08.8,1
736,4741,Unplanned,Hydraulic leak,Calibrated sensor,57:08.8,57:08.8,T101,206.29,Completed,57:08.8,1
737,4742,Unplanned,Software error,Rewired circuit,57:08.8,57:08.8,T958,161.1,Completed,57:08.8,1
738,4743,Unplanned,Electrical short,Replaced bearing,57:08.8,57:08.8,T428,243.58,Completed,57:08.8,1
739,4744,Unplanned,Sensor fault,Updated software,57:08.8,57:08.8,T114,101.83,Completed,57:08.8,1
740,4745,Unplanned,Software error,Replaced bearing,57:08.8,57:08.8,T890,382.53,Completed,57:08.8,1
741,4746,Planned,Sensor fault,Updated software,57:08.8,57:08.8,T150,165.97,Completed,57:08.8,1
742,4747,Planned,Hydraulic leak,Updated software,57:08.8,57:08.8,T379,416.42,Completed,57:08.8,1
743,4748,Planned,Electrical short,Replaced bearing,57:08.8,57:08.8,T936,203.1,Completed,57:08.8,1
744,4749,Planned,Sensor fault,Updated software,57:08.8,57:08.8,T850,418.65,Completed,57:08.8,1
745,4750,Unplanned,Bearing wear,Rewired circuit,57:08.8,57:08.8,T179,464.39,Completed,57:08.8,1
746,4751,Unplanned,Bearing wear,Updated software,57:08.8,57:08.8,T836,190.6,Completed,57:08.8,1
747,4752,Planned,Sensor fault,Calibrated sensor,57:08.8,57:08.8,T600,390.29,Completed,57:08.8,1
748,4753,Planned,Electrical short,Calibrated sensor,57:08.8,57:08.8,T752,202.18,Completed,57:08.8,1
749,4754,Unplanned,Bearing wear,Fixed leak,57:08.8,57:08.8,T107,489.28,Completed,57:08.8,1
750,4755,Planned,Hydraulic leak,Calibrated sensor,57:08.8,57:08.8,T834,450.35,Completed,57:08.8,1
751,4756,Planned,Electrical short,Calibrated sensor,57:08.8,57:08.8,T614,458.28,Completed,57:08.8,1
752,4757,Planned,Software error,Replaced bearing,57:08.8,57:08.8,T163,458.51,Completed,57:08.8,1
753,4758,Planned,Electrical short,Calibrated sensor,57:08.8,57:08.8,T588,299.16,Completed,57:08.8,1
754,4759,Unplanned,Sensor fault,Updated software,57:08.8,57:08.8,T540,244.11,Completed,57:08.8,1
755,4760,Unplanned,Hydraulic leak,Updated software,57:08.8,57:08.8,T954,166.44,Completed,57:08.8,1
756,4761,Unplanned,Bearing wear,Calibrated sensor,57:08.8,57:08.8,T517,219.3,Completed,57:08.8,1
757,4762,Planned,Hydraulic leak,Updated software,57:08.8,57:08.8,T807,383.01,Completed,57:08.8,1
758,4763,Unplanned,Software error,Rewired circuit,57:08.8,57:08.8,T426,107.41,Completed,57:08.8,1
759,4764,Unplanned,Bearing wear,Replaced bearing,57:08.8,57:08.8,T623,454.86,Completed,57:08.8,1
760,4765,Planned,Bearing wear,Updated software,57:08.8,57:08.8,T244,488.29,Completed,57:08.8,1
761,4766,Unplanned,Software error,Updated software,57:08.8,57:08.8,T929,103.31,Completed,57:08.8,1
762,4767,Planned,Hydraulic leak,Calibrated sensor,57:08.8,57:08.8,T154,107.71,Completed,57:08.8,1
763,4768,Unplanned,Software error,Replaced bearing,57:08.8,57:08.8,T222,419.23,Completed,57:08.8,1
764,4769,Unplanned,Electrical short,Updated software,57:08.8,57:08.8,T896,318.35,Completed,57:08.8,1
765,4770,Unplanned,Sensor fault,Fixed leak,57:08.8,57:08.8,T446,331.85,Completed,57:08.8,1
766,4771,Unplanned,Sensor fault,Replaced bearing,57:08.8,57:08.8,T371,460.55,Completed,57:08.8,1
767,4772,Planned,Electrical short,Updated software,57:08.8,57:08.8,T819,400.22,Completed,57:08.8,1
768,4773,Planned,Electrical short,Replaced bearing,57:08.8,57:08.8,T588,385.87,Completed,57:08.8,1
769,4774,Unplanned,Sensor fault,Replaced bearing,57:08.8,57:08.8,T480,103.11,Completed,57:08.8,1
770,4775,Planned,Bearing wear,Fixed leak,57:08.8,57:08.8,T413,277.51,Completed,57:08.8,1
771,4776,Unplanned,Software error,Updated software,57:08.8,57:08.8,T859,318.17,Completed,57:08.8,1
772,4777,Unplanned,Bearing wear,Calibrated sensor,57:08.8,57:08.8,T504,144.92,Completed,57:08.8,1
773,4778,Unplanned,Software error,Fixed leak,57:08.8,57:08.8,T523,420.51,Completed,57:08.8,1
774,4779,Planned,Software error,Fixed leak,57:08.8,57:08.8,T743,108.66,Completed,57:08.8,1
775,4780,Unplanned,Sensor fault,Updated software,57:08.8,57:08.8,T926,257.85,Completed,57:08.8,1
776,4781,Planned,Software error,Fixed leak,57:08.8,57:08.8,T106,253.58,Completed,57:08.8,1
777,4782,Unplanned,Electrical short,Rewired circuit,57:08.8,57:08.8,T260,445.59,Completed,57:08.8,1
778,4783,Unplanned,Electrical short,Rewired circuit,57:08.8,57:08.8,T120,474.95,Completed,57:08.8,1
779,4784,Unplanned,Bearing wear,Rewired circuit,57:08.8,57:08.8,T803,467.5,Completed,57:08.8,1
780,4785,Unplanned,Bearing wear,Updated software,57:08.8,57:08.8,T440,272.89,Completed,57:08.8,1
781,4786,Unplanned,Software error,Fixed leak,57:08.8,57:08.8,T366,227.12,Completed,57:08.8,1
782,4787,Planned,Bearing wear,Updated software,57:08.8,57:08.8,T384,418.95,Completed,57:08.8,1
783,4788,Planned,Bearing wear,Calibrated sensor,57:08.8,57:08.8,T697,237.68,Completed,57:08.8,1
784,4789,Unplanned,Hydraulic leak,Replaced bearing,57:08.8,57:08.8,T674,381.77,Completed,57:08.8,1
785,4790,Unplanned,Software error,Updated software,57:08.8,57:08.8,T448,145.27,Completed,57:08.8,1
786,4791,Planned,Sensor fault,Fixed leak,57:08.8,57:08.8,T763,279.43,Completed,57:08.8,1
787,4792,Unplanned,Hydraulic leak,Replaced bearing,57:08.8,57:08.8,T435,380.02,Completed,57:08.8,1
788,4793,Planned,Electrical short,Rewired circuit,57:08.8,57:08.8,T525,498.11,Completed,57:08.8,1
789,4794,Planned,Sensor fault,Replaced bearing,57:08.8,57:08.8,T473,486.79,Completed,57:08.8,1
790,4795,Unplanned,Software error,Updated software,57:08.8,57:08.8,T955,487.02,Completed,57:08.8,1
791,4796,Unplanned,Sensor fault,Rewired circuit,57:08.8,57:08.8,T661,322.39,Completed,57:08.8,1
792,4797,Planned,Software error,Fixed leak,57:08.8,57:08.8,T194,189.28,Completed,57:08.8,1
793,4798,Unplanned,Electrical short,Fixed leak,57:08.9,57:08.9,T222,457.44,Completed,57:08.9,1
794,4799,Planned,Software error,Calibrated sensor,57:08.9,57:08.9,T852,136.18,Completed,57:08.9,1
795,4800,Planned,Bearing wear,Replaced bearing,57:08.9,57:08.9,T364,321.88,Completed,57:08.9,1
796,4801,Unplanned,Software error,Rewired circuit,57:09.0,57:09.0,T261,376.26,Completed,57:09.0,1
797,4802,Planned,Software error,Replaced bearing,57:09.0,57:09.0,T272,368.93,Completed,57:09.0,1
798,4803,Unplanned,Bearing wear,Fixed leak,57:09.0,57:09.0,T442,427.69,Completed,57:09.0,1
799,4804,Unplanned,Software error,Calibrated sensor,57:09.0,57:09.0,T975,141.01,Completed,57:09.0,1
800,4805,Planned,Software error,Updated software,57:09.0,57:09.0,T348,219.9,Completed,57:09.0,1
801,4806,Unplanned,Sensor fault,Rewired circuit,57:09.0,57:09.0,T558,254.11,Completed,57:09.0,1
802,4807,Planned,Electrical short,Replaced bearing,57:09.0,57:09.0,T604,104.66,Completed,57:09.0,1
803,4808,Unplanned,Hydraulic leak,Updated software,57:09.0,57:09.0,T940,438.7,Completed,57:09.0,1
804,4809,Unplanned,Software error,Rewired circuit,57:09.0,57:09.0,T789,317.86,Completed,57:09.0,1
805,4810,Unplanned,Software error,Rewired circuit,57:09.0,57:09.0,T680,117.98,Completed,57:09.0,1
806,4811,Unplanned,Software error,Calibrated sensor,57:09.0,57:09.0,T313,390.16,Completed,57:09.0,1
807,4812,Unplanned,Bearing wear,Fixed leak,57:09.0,57:09.0,T751,153.92,Completed,57:09.0,1
808,4813,Planned,Bearing wear,Updated software,57:09.0,57:09.0,T867,361.54,Completed,57:09.0,1
809,4814,Unplanned,Software error,Fixed leak,57:09.0,57:09.0,T757,480.63,Completed,57:09.0,1
810,4815,Planned,Hydraulic leak,Calibrated sensor,57:09.0,57:09.0,T125,102.16,Completed,57:09.0,1
811,4816,Unplanned,Bearing wear,Calibrated sensor,57:09.0,57:09.0,T684,351.56,Completed,57:09.0,1
812,4817,Planned,Software error,Rewired circuit,57:09.0,57:09.0,T844,133.49,Completed,57:09.0,1
813,4818,Planned,Electrical short,Fixed leak,57:09.0,57:09.0,T759,133.81,Completed,57:09.0,1
814,4819,Planned,Sensor fault,Fixed leak,57:09.0,57:09.0,T729,131.82,Completed,57:09.0,1
815,4820,Planned,Sensor fault,Updated software,57:09.0,57:09.0,T173,253.56,Completed,57:09.0,1
816,4821,Planned,Bearing wear,Calibrated sensor,57:09.0,57:09.0,T352,174.62,Completed,57:09.0,1
817,4822,Unplanned,Sensor fault,Replaced bearing,57:09.0,57:09.0,T192,306.2,Completed,57:09.0,1
818,4823,Planned,Software error,Updated software,57:09.0,57:09.0,T527,201.6,Completed,57:09.0,1
819,4824,Planned,Sensor fault,Fixed leak,57:09.0,57:09.0,T730,493.93,Completed,57:09.0,1
820,4825,Unplanned,Bearing wear,Replaced bearing,57:09.0,57:09.0,T897,382.73,Completed,57:09.0,1
821,4826,Unplanned,Sensor fault,Fixed leak,57:09.0,57:09.0,T307,166.92,Completed,57:09.0,1
822,4827,Unplanned,Software error,Replaced bearing,57:09.0,57:09.0,T663,466.47,Completed,57:09.0,1
823,4828,Planned,Bearing wear,Rewired circuit,57:09.0,57:09.0,T309,296.79,Completed,57:09.0,1
824,4829,Planned,Electrical short,Rewired circuit,57:09.0,57:09.0,T350,107.07,Completed,57:09.0,1
825,4830,Unplanned,Electrical short,Fixed leak,57:09.0,57:09.0,T390,402.4,Completed,57:09.0,1
826,4831,Planned,Electrical short,Rewired circuit,57:09.0,57:09.0,T651,220.07,Completed,57:09.0,1
827,4832,Unplanned,Sensor fault,Rewired circuit,57:09.0,57:09.0,T640,212.08,Completed,57:09.0,1
828,4833,Unplanned,Hydraulic leak,Replaced bearing,57:09.0,57:09.0,T772,365.13,Completed,57:09.0,1
829,4834,Planned,Bearing wear,Rewired circuit,57:09.0,57:09.0,T872,211.21,Completed,57:09.0,1
830,4835,Planned,Sensor fault,Fixed leak,57:09.0,57:09.0,T257,325.41,Completed,57:09.0,1
831,4836,Unplanned,Hydraulic leak,Replaced bearing,57:09.0,57:09.0,T793,212.74,Completed,57:09.0,1
832,4837,Unplanned,Bearing wear,Rewired circuit,57:09.0,57:09.0,T327,403.26,Completed,57:09.0,1
833,4838,Planned,Electrical short,Calibrated sensor,57:09.0,57:09.0,T416,383.74,Completed,57:09.0,1
834,4839,Planned,Software error,Calibrated sensor,57:09.0,57:09.0,T905,337.73,Completed,57:09.0,1
835,4840,Unplanned,Bearing wear,Updated software,57:09.0,57:09.0,T410,302.72,Completed,57:09.0,1
836,4841,Planned,Sensor fault,Rewired circuit,57:09.0,57:09.0,T125,153.02,Completed,57:09.0,1
837,4842,Planned,Hydraulic leak,Replaced bearing,57:09.0,57:09.0,T413,406.47,Completed,57:09.0,1
838,4843,Unplanned,Software error,Rewired circuit,57:09.0,57:09.0,T702,207.45,Completed,57:09.0,1
839,4844,Unplanned,Software error,Calibrated sensor,57:09.0,57:09.0,T708,417.51,Completed,57:09.0,1
840,4845,Planned,Bearing wear,Calibrated sensor,57:09.0,57:09.0,T275,126.33,Completed,57:09.0,1
841,4846,Planned,Sensor fault,Replaced bearing,57:09.0,57:09.0,T640,341.68,Completed,57:09.0,1
842,4847,Planned,Software error,Fixed leak,57:09.0,57:09.0,T936,125.74,Completed,57:09.0,1
843,4848,Unplanned,Software error,Replaced bearing,57:09.1,57:09.1,T398,366.34,Completed,57:09.1,1
844,4849,Planned,Hydraulic leak,Rewired circuit,57:09.1,57:09.1,T149,177.46,Completed,57:09.1,1
845,4850,Unplanned,Software error,Rewired circuit,57:09.1,57:09.1,T638,141.24,Completed,57:09.1,1
846,4851,Unplanned,Electrical short,Replaced bearing,57:09.1,57:09.1,T275,368.19,Completed,57:09.1,1
847,4852,Unplanned,Sensor fault,Rewired circuit,57:09.1,57:09.1,T999,127.96,Completed,57:09.1,1
848,4853,Unplanned,Software error,Rewired circuit,57:09.1,57:09.1,T689,300.93,Completed,57:09.1,1
849,4854,Unplanned,Software error,Replaced bearing,57:09.1,57:09.1,T756,414.96,Completed,57:09.1,1
850,4855,Planned,Electrical short,Calibrated sensor,57:09.1,57:09.1,T130,120.89,Completed,57:09.1,1
851,4856,Unplanned,Hydraulic leak,Fixed leak,57:09.1,57:09.1,T400,396.13,Completed,57:09.1,1
852,4857,Unplanned,Software error,Replaced bearing,57:09.1,57:09.1,T836,332.9,Completed,57:09.1,1
853,4858,Unplanned,Software error,Updated software,57:09.1,57:09.1,T435,247.66,Completed,57:09.1,1
854,4859,Planned,Software error,Calibrated sensor,57:09.1,57:09.1,T605,261.6,Completed,57:09.1,1
855,4860,Planned,Hydraulic leak,Rewired circuit,57:09.1,57:09.1,T114,465.91,Completed,57:09.1,1
856,4861,Planned,Bearing wear,Fixed leak,57:09.1,57:09.1,T412,257.86,Completed,57:09.1,1
857,4862,Planned,Electrical short,Calibrated sensor,57:09.1,57:09.1,T750,105.06,Completed,57:09.1,1
858,4863,Planned,Bearing wear,Replaced bearing,57:09.1,57:09.1,T248,346.19,Completed,57:09.1,1
859,4864,Unplanned,Hydraulic leak,Fixed leak,57:09.1,57:09.1,T827,169.14,Completed,57:09.1,1
860,4865,Unplanned,Bearing wear,Rewired circuit,57:09.1,57:09.1,T463,150.85,Completed,57:09.1,1
861,4866,Planned,Sensor fault,Fixed leak,57:09.1,57:09.1,T229,318.17,Completed,57:09.1,1
862,4867,Planned,Bearing wear,Updated software,57:09.1,57:09.1,T293,193.69,Completed,57:09.1,1
863,4868,Unplanned,Software error,Calibrated sensor,57:09.1,57:09.1,T376,464.01,Completed,57:09.1,1
864,4869,Unplanned,Hydraulic leak,Calibrated sensor,57:09.1,57:09.1,T450,137.19,Completed,57:09.1,1
865,4870,Planned,Hydraulic leak,Calibrated sensor,57:09.1,57:09.1,T726,337.85,Completed,57:09.1,1
866,4871,Unplanned,Bearing wear,Fixed leak,57:09.1,57:09.1,T455,346.99,Completed,57:09.1,1
867,4872,Planned,Bearing wear,Rewired circuit,57:09.1,57:09.1,T218,416.15,Completed,57:09.1,1
868,4873,Unplanned,Bearing wear,Rewired circuit,57:09.1,57:09.1,T580,311.74,Completed,57:09.1,1
869,4874,Unplanned,Bearing wear,Updated software,57:09.1,57:09.1,T371,283.2,Completed,57:09.1,1
870,4875,Planned,Hydraulic leak,Updated software,57:09.1,57:09.1,T905,150.5,Completed,57:09.1,1
871,4876,Unplanned,Software error,Fixed leak,57:09.1,57:09.1,T677,373.58,Completed,57:09.1,1
872,4877,Unplanned,Bearing wear,Updated software,57:09.1,57:09.1,T822,260.83,Completed,57:09.1,1
873,4878,Unplanned,Electrical short,Calibrated sensor,57:09.1,57:09.1,T649,245.97,Completed,57:09.1,1
874,4879,Unplanned,Hydraulic leak,Rewired circuit,57:09.1,57:09.1,T518,216.1,Completed,57:09.1,1
875,4880,Unplanned,Bearing wear,Replaced bearing,57:09.1,57:09.1,T731,319.86,Completed,57:09.1,1
876,4881,Planned,Sensor fault,Calibrated sensor,57:09.1,57:09.1,T229,185.13,Completed,57:09.1,1
877,4882,Unplanned,Sensor fault,Updated software,57:09.1,57:09.1,T633,293.03,Completed,57:09.1,1
878,4883,Unplanned,Electrical short,Updated software,57:09.1,57:09.1,T324,414,Completed,57:09.1,1
879,4884,Unplanned,Software error,Replaced bearing,57:09.1,57:09.1,T440,468.84,Completed,57:09.1,1
880,4885,Planned,Sensor fault,Replaced bearing,57:09.1,57:09.1,T488,213.18,Completed,57:09.1,1
881,4886,Planned,Bearing wear,Updated software,57:09.1,57:09.1,T993,141.02,Completed,57:09.1,1
882,4887,Unplanned,Sensor fault,Rewired circuit,57:09.1,57:09.1,T831,151.15,Completed,57:09.1,1
883,4888,Planned,Software error,Updated software,57:09.1,57:09.1,T307,298.94,Completed,57:09.1,1
884,4889,Unplanned,Electrical short,Fixed leak,57:09.1,57:09.1,T571,432.84,Completed,57:09.1,1
885,4890,Planned,Bearing wear,Updated software,57:09.1,57:09.1,T368,236.51,Completed,57:09.1,1
886,4891,Planned,Bearing wear,Rewired circuit,57:09.1,57:09.1,T137,181.4,Completed,57:09.1,1
887,4892,Unplanned,Electrical short,Replaced bearing,57:09.1,57:09.1,T892,482.57,Completed,57:09.1,1
888,4893,Planned,Hydraulic leak,Replaced bearing,57:09.1,57:09.1,T879,363.11,Completed,57:09.1,1
889,4894,Planned,Electrical short,Calibrated sensor,57:09.2,57:09.2,T800,352.35,Completed,57:09.2,1
890,4895,Unplanned,Hydraulic leak,Updated software,57:09.2,57:09.2,T837,188.18,Completed,57:09.2,1
891,4896,Planned,Software error,Updated software,57:09.2,57:09.2,T959,248.03,Completed,57:09.2,1
892,4897,Planned,Hydraulic leak,Fixed leak,57:09.2,57:09.2,T301,199.63,Completed,57:09.2,1
893,4898,Planned,Bearing wear,Rewired circuit,57:09.3,57:09.3,T711,416.96,Completed,57:09.3,1
894,4899,Unplanned,Software error,Updated software,57:09.3,57:09.3,T289,290.12,Completed,57:09.3,1
895,4900,Planned,Hydraulic leak,Updated software,57:09.3,57:09.3,T769,171.39,Completed,57:09.3,1
896,4901,Unplanned,Hydraulic leak,Replaced bearing,57:09.3,57:09.3,T191,305.39,Completed,57:09.3,1
897,4902,Planned,Electrical short,Replaced bearing,57:09.3,57:09.3,T217,205.56,Completed,57:09.3,1
898,4903,Planned,Sensor fault,Updated software,57:09.3,57:09.3,T198,374.76,Completed,57:09.3,1
899,4904,Unplanned,Bearing wear,Updated software,57:09.3,57:09.3,T125,426.35,Completed,57:09.3,1
900,4905,Unplanned,Electrical short,Updated software,57:09.3,57:09.3,T200,173.5,Completed,57:09.3,1
901,4906,Unplanned,Software error,Updated software,57:09.3,57:09.3,T155,279.51,Completed,57:09.3,1
902,4907,Planned,Software error,Rewired circuit,57:09.3,57:09.3,T494,481.41,Completed,57:09.3,1
903,4908,Planned,Software error,Fixed leak,57:09.3,57:09.3,T201,286.22,Completed,57:09.3,1
904,4909,Planned,Sensor fault,Calibrated sensor,57:09.3,57:09.3,T517,443.79,Completed,57:09.3,1
905,4910,Unplanned,Bearing wear,Replaced bearing,57:09.3,57:09.3,T909,288.69,Completed,57:09.3,1
906,4911,Planned,Hydraulic leak,Updated software,57:09.3,57:09.3,T792,265.2,Completed,57:09.3,1
907,4912,Unplanned,Electrical short,Fixed leak,57:09.3,57:09.3,T437,165.79,Completed,57:09.3,1
908,4913,Planned,Software error,Rewired circuit,57:09.3,57:09.3,T763,244.45,Completed,57:09.3,1
909,4914,Unplanned,Sensor fault,Updated software,57:09.3,57:09.3,T484,399.57,Completed,57:09.3,1
910,4915,Unplanned,Electrical short,Calibrated sensor,57:09.3,57:09.3,T636,466.73,Completed,57:09.3,1
911,4916,Planned,Hydraulic leak,Rewired circuit,57:09.3,57:09.3,T402,314.4,Completed,57:09.3,1
912,4917,Unplanned,Sensor fault,Replaced bearing,57:09.3,57:09.3,T941,111.93,Completed,57:09.3,1
913,4918,Unplanned,Sensor fault,Calibrated sensor,57:09.3,57:09.3,T132,195.21,Completed,57:09.3,1
914,4919,Unplanned,Bearing wear,Replaced bearing,57:09.3,57:09.3,T398,377.47,Completed,57:09.3,1
915,4920,Unplanned,Software error,Updated software,57:09.3,57:09.3,T405,463.79,Completed,57:09.3,1
916,4921,Unplanned,Software error,Rewired circuit,57:09.3,57:09.3,T412,487.28,Completed,57:09.3,1
917,4922,Unplanned,Hydraulic leak,Updated software,57:09.3,57:09.3,T964,186.02,Completed,57:09.3,1
918,4923,Planned,Software error,Rewired circuit,57:09.3,57:09.3,T481,310.46,Completed,57:09.3,1
919,4924,Unplanned,Software error,Rewired circuit,57:09.3,57:09.3,T896,203.4,Completed,57:09.3,1
920,4925,Planned,Bearing wear,Fixed leak,57:09.3,57:09.3,T697,173.39,Completed,57:09.3,1
921,4926,Unplanned,Sensor fault,Rewired circuit,57:09.3,57:09.3,T303,204.29,Completed,57:09.3,1
922,4927,Planned,Software error,Updated software,57:09.3,57:09.3,T829,498.41,Completed,57:09.3,1
923,4928,Planned,Sensor fault,Updated software,57:09.3,57:09.3,T900,218.77,Completed,57:09.3,1
924,4929,Unplanned,Software error,Updated software,57:09.3,57:09.3,T265,492.15,Completed,57:09.3,1
925,4930,Unplanned,Hydraulic leak,Rewired circuit,57:09.3,57:09.3,T958,435.09,Completed,57:09.3,1
926,4931,Unplanned,Hydraulic leak,Calibrated sensor,57:09.3,57:09.3,T991,162.26,Completed,57:09.3,1
927,4932,Planned,Electrical short,Replaced bearing,57:09.3,57:09.3,T199,116.92,Completed,57:09.3,1
928,4933,Planned,Electrical short,Rewired circuit,57:09.3,57:09.3,T174,342.31,Completed,57:09.3,1
929,4934,Planned,Sensor fault,Calibrated sensor,57:09.3,57:09.3,T327,199.53,Completed,57:09.3,1
930,4935,Planned,Electrical short,Calibrated sensor,57:09.3,57:09.3,T361,128.14,Completed,57:09.3,1
931,4936,Unplanned,Sensor fault,Fixed leak,57:09.3,57:09.3,T484,334,Completed,57:09.3,1
932,4937,Unplanned,Bearing wear,Replaced bearing,57:09.3,57:09.3,T687,351.54,Completed,57:09.3,1
933,4938,Unplanned,Sensor fault,Fixed leak,57:09.3,57:09.3,T394,178.3,Completed,57:09.3,1
934,4939,Planned,Electrical short,Replaced bearing,57:09.3,57:09.3,T869,276.38,Completed,57:09.3,1
935,4940,Unplanned,Hydraulic leak,Rewired circuit,57:09.3,57:09.3,T469,120.02,Completed,57:09.3,1
936,4941,Unplanned,Software error,Calibrated sensor,57:09.3,57:09.3,T722,255.62,Completed,57:09.3,1
937,4942,Unplanned,Sensor fault,Fixed leak,57:09.3,57:09.3,T218,303.08,Completed,57:09.3,1
938,4943,Planned,Electrical short,Calibrated sensor,57:09.3,57:09.3,T452,375.38,Completed,57:09.3,1
939,4944,Planned,Software error,Updated software,57:09.3,57:09.3,T298,118.19,Completed,57:09.3,1
940,4945,Unplanned,Electrical short,Replaced bearing,57:09.3,57:09.3,T898,437.64,Completed,57:09.3,1
941,4946,Planned,Software error,Fixed leak,57:09.3,57:09.3,T404,171.45,Completed,57:09.3,1
942,4947,Planned,Hydraulic leak,Replaced bearing,57:09.3,57:09.3,T829,254.85,Completed,57:09.3,1
943,4948,Planned,Electrical short,Replaced bearing,57:09.3,57:09.3,T250,411.69,Completed,57:09.3,1
944,4949,Planned,Bearing wear,Fixed leak,57:09.3,57:09.3,T381,434.74,Completed,57:09.3,1
945,4950,Unplanned,Sensor fault,Replaced bearing,57:09.3,57:09.3,T435,101.16,Completed,57:09.3,1
946,4951,Unplanned,Sensor fault,Rewired circuit,57:09.3,57:09.3,T583,434.88,Completed,57:09.3,1
947,4952,Unplanned,Hydraulic leak,Rewired circuit,57:09.3,57:09.3,T802,416.96,Completed,57:09.3,1
948,4953,Unplanned,Electrical short,Replaced bearing,57:09.3,57:09.3,T109,295.49,Completed,57:09.3,1
949,4954,Planned,Electrical short,Fixed leak,57:09.3,57:09.3,T559,303.08,Completed,57:09.3,1
950,4955,Planned,Bearing wear,Updated software,57:09.3,57:09.3,T412,364.08,Completed,57:09.3,1
951,4956,Unplanned,Hydraulic leak,Fixed leak,57:09.3,57:09.3,T600,194.98,Completed,57:09.3,1
952,4957,Unplanned,Bearing wear,Calibrated sensor,57:09.3,57:09.3,T673,380.71,Completed,57:09.3,1
953,4958,Planned,Sensor fault,Updated software,57:09.3,57:09.3,T475,306.68,Completed,57:09.3,1
954,4959,Planned,Sensor fault,Rewired circuit,57:09.3,57:09.3,T473,400.62,Completed,57:09.3,1
955,4960,Unplanned,Electrical short,Calibrated sensor,57:09.3,57:09.3,T274,225.49,Completed,57:09.3,1
956,4961,Unplanned,Software error,Replaced bearing,57:09.3,57:09.3,T609,291.95,Completed,57:09.3,1
957,4962,Planned,Electrical short,Calibrated sensor,57:09.3,57:09.3,T538,448.67,Completed,57:09.3,1
958,4963,Unplanned,Software error,Calibrated sensor,57:09.3,57:09.3,T811,442.97,Completed,57:09.3,1
959,4964,Planned,Bearing wear,Calibrated sensor,57:09.4,57:09.4,T142,158.9,Completed,57:09.4,1
960,4965,Planned,Electrical short,Updated software,57:09.4,57:09.4,T341,473.44,Completed,57:09.4,1
961,4966,Unplanned,Software error,Calibrated sensor,57:09.5,57:09.5,T622,236.72,Completed,57:09.5,1
962,4967,Unplanned,Electrical short,Updated software,57:09.5,57:09.5,T591,482.51,Completed,57:09.5,1
963,4968,Unplanned,Bearing wear,Calibrated sensor,57:09.5,57:09.5,T944,445.84,Completed,57:09.5,1
964,4969,Planned,Electrical short,Fixed leak,57:09.5,57:09.5,T258,159.47,Completed,57:09.5,1
965,4970,Unplanned,Software error,Rewired circuit,57:09.5,57:09.5,T352,331.13,Completed,57:09.5,1
966,4971,Unplanned,Sensor fault,Calibrated sensor,57:09.5,57:09.5,T889,117.95,Completed,57:09.5,1
967,4972,Planned,Bearing wear,Fixed leak,57:09.5,57:09.5,T767,422.25,Completed,57:09.5,1
968,4973,Planned,Bearing wear,Calibrated sensor,57:09.5,57:09.5,T198,307.13,Completed,57:09.5,1
969,4974,Unplanned,Electrical short,Replaced bearing,57:09.5,57:09.5,T777,451.7,Completed,57:09.5,1
970,4975,Planned,Sensor fault,Fixed leak,57:09.5,57:09.5,T823,131.62,Completed,57:09.5,1
971,4976,Unplanned,Software error,Replaced bearing,57:09.5,57:09.5,T236,127.95,Completed,57:09.5,1
972,4977,Planned,Electrical short,Updated software,57:09.5,57:09.5,T168,443.55,Completed,57:09.5,1
973,4978,Planned,Bearing wear,Replaced bearing,57:09.5,57:09.5,T402,399.64,Completed,57:09.5,1
974,4979,Planned,Hydraulic leak,Fixed leak,57:09.5,57:09.5,T749,148.33,Completed,57:09.5,1
975,4980,Unplanned,Sensor fault,Replaced bearing,57:09.5,57:09.5,T148,163.99,Completed,57:09.5,1
976,4981,Planned,Electrical short,Updated software,57:09.5,57:09.5,T168,406.81,Completed,57:09.5,1
977,4982,Unplanned,Sensor fault,Rewired circuit,57:09.5,57:09.5,T439,379.28,Completed,57:09.5,1
978,4983,Planned,Electrical short,Updated software,57:09.5,57:09.5,T678,319.75,Completed,57:09.5,1
979,4984,Unplanned,Software error,Updated software,57:09.5,57:09.5,T878,335.01,Completed,57:09.5,1
980,4985,Planned,Sensor fault,Fixed leak,57:09.5,57:09.5,T497,357.76,Completed,57:09.5,1
981,4986,Planned,Software error,Replaced bearing,57:09.5,57:09.5,T584,213.72,Completed,57:09.5,1
982,4987,Planned,Bearing wear,Calibrated sensor,57:09.5,57:09.5,T728,214.74,Completed,57:09.5,1
983,4988,Planned,Hydraulic leak,Updated software,57:09.5,57:09.5,T560,299.94,Completed,57:09.5,1
984,4989,Unplanned,Software error,Updated software,57:09.5,57:09.5,T128,411.88,Completed,57:09.5,1
985,4990,Planned,Sensor fault,Rewired circuit,57:09.5,57:09.5,T449,330.94,Completed,57:09.5,1
986,4991,Unplanned,Sensor fault,Updated software,57:09.5,57:09.5,T147,125.31,Completed,57:09.5,1
987,4992,Planned,Sensor fault,Updated software,57:09.5,57:09.5,T125,487.8,Completed,57:09.5,1
988,4993,Planned,Software error,Replaced bearing,57:09.5,57:09.5,T427,486.18,Completed,57:09.5,1
989,4994,Unplanned,Hydraulic leak,Calibrated sensor,57:09.5,57:09.5,T941,113.13,Completed,57:09.5,1
990,4995,Planned,Electrical short,Replaced bearing,57:09.5,57:09.5,T273,239.61,Completed,57:09.5,1
991,4996,Planned,Sensor fault,Calibrated sensor,57:09.5,57:09.5,T490,454.98,Completed,57:09.5,1
992,4997,Planned,Hydraulic leak,Updated software,57:09.5,57:09.5,T273,415.13,Completed,57:09.5,1
993,4998,Planned,Hydraulic leak,Rewired circuit,57:09.5,57:09.5,T368,210.65,Completed,57:09.5,1
994,4999,Planned,Software error,Fixed leak,57:09.5,57:09.5,T177,412.59,Completed,57:09.5,1
995,5000,Unplanned,Sensor fault,Fixed leak,57:09.5,57:09.5,T680,300.18,Completed,57:09.5,1
996,5001,Planned,Electrical short,Updated software,57:09.5,57:09.5,T342,214.26,Completed,57:09.5,1
997,5002,Planned,Hydraulic leak,Replaced bearing,57:09.5,57:09.5,T699,421.51,Completed,57:09.5,1
998,5003,Unplanned,Hydraulic leak,Fixed leak,57:09.5,57:09.5,T867,424.55,Completed,57:09.5,1
999,5004,Planned,Hydraulic leak,Calibrated sensor,57:09.5,57:09.5,T788,374.84,Completed,57:09.5,1
